,MSPP0,MSPP1,MSPP2,MSPP3,MSPP4,MSPP5,MSPP6
it1,15.96131942,18.10663521,17.26092156,19.51102071,24.90748611,18.10663521,18.7355685
it2,17.34800356,18.63550499,20.85912895,19.6597263,23.82138661,18.63550499,20.85912895
it3,13.8458127,14.54089791,14.54089791,14.54089791,18.56166765,14.54089791,14.54089791
it4,18.48995478,20.45908872,18.96951285,20.45908872,24.82208231,20.45908872,23.16970406
it5,17.66012647,19.42628384,19.68458778,20.54411239,23.83663381,19.42628384,19.68458778
it6,17.15558491,19.89352115,22.19692327,19.89352115,22.19692327,19.89352115,22.19692327
it7,16.13147592,17.14999143,18.0899235,18.15365018,20.43214741,17.14999143,18.0899235
it8,14.90914967,15.63391835,16.39276878,16.6931706,19.6208841,15.63391835,15.63391835
it9,16.12084605,18.01360085,18.79632334,18.01360085,21.39651295,18.01360085,18.79632334
it10,18.13351591,19.01424985,20.48940885,19.01424985,20.48940885,19.01424985,20.48940885
it11,16.58495456,17.84771494,18.47140935,17.84771494,21.95300476,17.84771494,18.47140935
it12,17.96898279,19.05812057,20.44472713,19.05812057,21.55010154,19.05812057,20.44472713
it13,14.07119833,14.07119833,14.07119833,18.56599697,24.02656707,15.3101923,17.11191214
it14,15.88835563,18.77630515,17.55803626,18.77630515,22.35498517,18.77630515,20.32647785
it15,13.59309412,16.2516322,14.91811277,16.2516322,16.74252068,16.2516322,15.59681032
it16,17.74620194,18.31099714,20.79357313,19.9104721,22.32958487,18.31099714,20.79357313
it17,18.17305687,19.16328318,19.90945618,19.16328318,21.12793978,19.16328318,19.90945618
it18,15.77880587,16.83668157,18.03613414,16.83668157,18.03613414,16.83668157,18.03613414
it19,15.16788598,16.71336098,15.44194858,18.90587449,22.99299899,18.90587449,18.19813168
it20,13.83987626,16.565726,13.83987626,16.565726,21.29078322,16.565726,18.66435057
it21,19.51106255,20.54615828,22.42310579,20.54615828,24.9257918,20.54615828,23.62699939
it22,17.07336801,18.46445987,19.78369066,18.46445987,24.55216009,18.46445987,18.53417377
it23,14.9673684,17.98859727,17.70384668,17.98859727,21.61147254,17.98859727,17.70384668
it24,17.77934645,18.56293369,19.21274039,18.56293369,21.30533186,18.56293369,19.23962295
it25,14.12484217,15.45601803,15.13620479,16.5047489,19.59630608,15.45601803,17.16082861
it26,17.01320767,17.32555426,17.89613693,17.32555426,23.03278639,17.32555426,17.32555426
it27,17.70998344,19.16528444,18.55548392,19.16528444,20.04617733,19.16528444,20.43590457
it28,18.0478184,18.60598496,19.44420024,18.60598496,20.63448959,18.60598496,19.44420024
it29,14.65576816,15.17526819,15.63828328,16.27680214,22.01082729,15.17526819,15.83535466
it30,21.48962725,23.0988324,22.74417254,23.0988324,25.06789368,23.0988324,24.05085187
it31,17.41556705,17.91825607,22.02093315,18.9416517,22.02093315,17.91825607,22.02093315
it32,19.92307436,20.85319161,24.34687308,21.98073501,25.51386962,20.85319161,24.34687308
it33,12.37769847,13.61772587,14.01426073,13.61772587,16.92034701,13.61772587,14.01426073
it34,14.90283859,17.22964872,16.41070455,17.22964872,23.47444292,17.22964872,17.8910759
it35,16.64364811,18.70771515,18.21179686,18.70771515,21.89666556,18.70771515,18.45522021
it36,13.31384945,14.39262897,15.5830846,15.40011161,17.25737097,14.39262897,17.25737097
it37,13.86012617,16.11887906,16.72947873,17.42786518,17.68569195,16.11887906,15.45779898
it38,15.46166031,16.91105477,16.29721257,16.91105477,20.89759013,16.91105477,18.7656029
it39,10.78519843,12.44175132,14.34225557,12.44175132,15.98814115,12.44175132,13.85340726
it40,17.96368072,20.19967931,18.50605791,20.19967931,23.86840827,20.19967931,20.09890466
it41,20.27851192,21.70935769,24.07755321,21.70935769,24.07755321,21.70935769,24.07755321
it42,14.16012156,16.56716206,15.67906334,16.56716206,21.68631044,16.56716206,17.35289856
it43,15.10856458,16.96348899,15.12919114,18.26264476,20.17584429,16.96348899,18.28725381
it44,17.46806459,19.85866199,17.46806459,19.85866199,24.4199493,19.85866199,21.99755236
it45,17.44844344,18.90136283,18.09967667,18.90136283,21.58129595,18.90136283,20.13499828
it46,14.56912551,15.36148653,15.53354768,15.36148653,17.80144779,15.36148653,17.80144779
it47,16.38465595,17.64410281,18.36653884,17.64410281,19.38275009,17.64410281,18.36653884
it48,19.86885112,21.55344785,21.41046581,21.55344785,24.06096193,21.55344785,24.06096193
it49,15.94188068,18.67589126,18.40219648,18.67589126,22.81901901,18.67589126,22.81901901
it50,17.06929534,18.2515786,19.02825063,18.2515786,20.88960037,18.2515786,19.02825063
it51,18.51048476,20.64924274,20.52276855,20.64924274,24.21769831,20.64924274,21.6777051
it52,10.933136,13.79949708,11.69764071,13.79949708,19.16171507,13.79949708,13.42292589
it53,17.84803999,18.48886105,18.58628475,18.48886105,20.60018377,18.48886105,20.60018377
it54,20.49029475,21.12346215,23.36923851,21.12346215,24.54074195,21.12346215,23.36923851
it55,18.49632863,18.80504868,20.8460551,19.89036967,22.55877407,18.80504868,21.11273815
it56,16.09710158,19.29959284,18.52816885,19.29959284,24.05072436,19.29959284,20.52448683
it57,16.75457767,20.7028335,18.58390561,20.7028335,25.62047435,20.7028335,21.57220422
it58,17.77648972,18.46888964,18.46888964,18.46888964,19.78751239,18.46888964,18.46888964
it59,18.87717879,19.42811867,22.18395583,19.42811867,22.18395583,19.42811867,22.18395583
it60,20.5887117,20.88472509,22.15722051,20.88472509,25.95955069,20.88472509,22.32551394
it61,16.27519423,17.54965453,18.46247859,17.54965453,21.25162108,17.54965453,19.02531434
it62,17.96500654,19.30152101,19.99127504,21.02410726,24.34634533,19.93315073,20.14101231
it63,18.08054839,18.96954034,21.61684992,18.96954034,21.61684992,18.96954034,21.61684992
it64,17.39312487,20.20260939,20.2939033,20.20260939,24.04043304,20.20260939,22.63013777
it65,16.49840251,17.159087,19.25911919,17.159087,19.25911919,17.159087,19.25911919
it66,17.66293626,18.23545879,19.28009033,18.23545879,20.33119926,18.23545879,20.33119926
it67,12.38526696,14.09143539,16.48987284,14.09143539,16.48987284,14.09143539,16.48987284
it68,16.31922095,17.36977288,19.69605038,17.36977288,19.69605038,17.36977288,19.69605038
it69,13.39423376,14.22408861,15.74033958,15.37124289,16.81605773,14.22408861,15.74033958
it70,13.33895308,15.54133193,16.51468088,17.21945904,21.52811304,16.06271624,20.33902517
it71,15.10828206,18.25635776,16.79208003,18.25635776,23.62148198,18.25635776,18.68157255
it72,19.48090921,20.59271123,20.39239333,20.59271123,25.48344349,20.59271123,22.36227772
it73,17.73288106,19.40987159,21.52580115,20.51442144,22.77535317,19.40987159,21.52580115
it74,18.90436447,19.4171269,20.31524527,19.4171269,21.45366417,19.4171269,20.31524527
it75,13.38783541,14.55211984,15.5009722,14.55211984,22.95672911,14.55211984,15.27999926
it76,15.43312402,19.43209611,19.45482221,19.43209611,20.73864313,19.43209611,19.45482221
it77,11.2030025,13.89794016,12.3809028,13.89794016,19.38984482,13.89794016,17.09162531
it78,18.41681989,21.46180256,22.70443142,21.46180256,22.7181139,21.46180256,22.7181139
it79,12.62490394,13.90197437,13.43343257,15.19751617,18.86507446,13.90197437,14.72897437
it80,17.57531049,18.39350177,19.88477133,18.39350177,21.3515693,18.39350177,19.88477133
it81,14.278413,15.65932012,16.94368329,15.65932012,19.91829296,15.65932012,16.94368329
it82,14.86254396,14.98224432,14.98224432,17.58880457,20.3342255,16.3703025,18.22191271
it83,14.34448406,16.53661283,14.87895295,16.53661283,21.57219142,16.53661283,15.77305145
it84,20.08047283,21.13377324,22.47658249,21.13377324,23.68838345,21.13377324,22.47658249
it85,20.26869304,22.01452627,21.78920223,22.01452627,24.87680209,22.01452627,24.87680209
it86,19.58098679,20.03633903,21.05069828,20.03633903,21.05069828,20.03633903,21.05069828
it87,16.17789597,16.53500563,16.64260841,18.7165349,22.73588061,18.7165349,19.68161801
it88,18.51424147,21.10022466,22.5334628,21.10022466,24.60695111,21.10022466,22.5334628
it89,16.65206866,17.02433572,17.65970327,18.41034626,21.72597434,17.02433572,20.00652233
it90,17.78575984,19.07977802,19.37543295,19.07977802,22.73777623,19.07977802,19.37543295
it91,15.25181629,17.11903652,18.04035734,17.11903652,18.04035734,17.11903652,18.04035734
it92,16.6111578,17.76376885,17.04919998,17.76376885,22.26105841,17.76376885,18.26012665
it93,17.75584748,18.33830726,20.20653625,18.33830726,21.64841084,18.33830726,20.20653625
it94,11.76204316,13.82380839,12.44895482,13.82380839,16.6312322,13.82380839,16.6312322
it95,16.15581652,18.4008808,20.72333243,18.4008808,22.21426294,18.4008808,20.72333243
it96,15.28068157,17.75447191,18.45218498,17.75447191,20.00984106,17.75447191,18.45218498
it97,19.51265311,20.11612268,20.38898378,20.11612268,24.13612154,20.11612268,21.54912998
it98,18.05704874,20.08554402,21.24589232,20.08554402,23.44575136,20.08554402,23.44575136
it99,16.13028395,17.71917952,18.09372914,17.71917952,20.08733219,17.71917952,18.90546551
it100,19.77861497,22.25850349,22.64316673,22.25850349,23.97053272,22.25850349,23.97053272
it101,16.30609269,17.06487819,16.78851301,17.06487819,20.93833034,17.06487819,17.96234048
it102,15.3140812,16.47763582,17.70060964,16.47763582,19.34120062,16.47763582,17.70060964
it103,19.88124845,21.24303324,21.7342991,21.24303324,23.31501366,21.24303324,22.29696487
it104,18.06379501,18.41539308,18.65186255,18.41539308,18.79130078,18.41539308,18.79130078
it105,12.11361371,14.4749905,13.00242048,15.96085659,15.6166379,14.4749905,14.5597158
it106,12.80963788,13.88914792,17.07933012,13.88914792,18.54805206,13.88914792,17.34072003
it107,18.07901693,20.94365918,20.69229072,20.94365918,26.02205679,20.94365918,20.63084497
it108,22.27011717,23.75163217,25.14986818,23.75163217,27.39917845,23.75163217,25.14986818
it109,14.45249766,16.10241862,17.17492924,16.10241862,21.60091356,16.10241862,17.29125018
it110,14.98499994,15.88180811,18.10516502,15.88180811,19.71251547,15.88180811,18.10516502
it111,14.40914269,15.51945654,15.2458339,15.51945654,19.32869829,15.51945654,17.63967615
it112,16.05325735,19.03906014,16.45459084,19.03906014,22.67883291,19.03906014,19.96916494
it113,17.48804041,19.03827207,18.39999572,19.03827207,22.75107594,19.03827207,20.54385175
it114,17.19781958,18.78133004,18.86484024,18.78133004,24.78039819,18.78133004,21.37784038
it115,15.36148081,16.75597737,18.75981273,16.75597737,18.75981273,16.75597737,18.75981273
it116,11.45485707,14.56800997,14.85112034,14.56800997,15.90650828,14.56800997,14.85112034
it117,15.49075706,16.02113137,17.78136733,16.02113137,19.62831666,16.02113137,17.78136733
it118,11.68471813,13.64830528,12.40228173,13.64830528,22.46611585,13.64830528,16.09397234
it119,12.28079236,13.74521037,13.52483808,13.74521037,15.90306121,13.74521037,15.90306121
it120,13.75126133,15.73572966,15.37790193,15.73572966,20.41015184,15.73572966,14.95947127
it121,14.90666435,15.6056464,15.98721946,17.4265764,20.52992267,16.36099792,19.26025725
it122,14.742616,16.98609743,16.78985932,16.98609743,21.04074327,16.98609743,18.4724449
it123,19.88051896,21.06396262,21.35977886,21.06396262,25.34326242,21.06396262,21.76587658
it124,18.51980102,19.37829193,19.03014076,19.37829193,22.17933692,19.37829193,19.03014076
it125,18.02023636,21.01255213,18.73143618,21.01255213,23.68585582,21.01255213,22.63859861
it126,21.06173197,22.43714873,24.14627988,22.43714873,24.14627988,22.43714873,24.14627988
it127,13.80343066,15.46428647,14.39481871,15.46428647,19.89234129,15.46428647,16.77350372
it128,16.07325403,18.98465551,16.91932458,18.98465551,22.28530924,18.98465551,20.8030428
it129,14.25402613,15.9210883,17.82687713,15.9210883,17.82687713,15.9210883,17.82687713
it130,16.16576143,17.41705496,18.68669857,17.41705496,19.94537414,17.41705496,18.68669857
it131,15.45524266,17.97008227,18.73047637,17.97008227,19.90986099,17.97008227,18.73047637
it132,17.69323174,18.83634854,17.83313788,18.83634854,22.54556466,18.83634854,21.33528237
it133,18.67593424,20.42248391,19.31564793,20.42248391,22.73032903,20.42248391,22.73032903
it134,15.68308121,19.2131644,20.0536806,19.2131644,21.36465844,19.2131644,20.35791914
it135,15.98709966,19.23240385,16.57612816,19.23240385,21.75296466,19.23240385,20.29640817
it136,13.46178785,16.33284439,14.03597393,16.33284439,20.15392597,16.33284439,20.15392597
it137,18.32610888,18.87376777,20.18782914,18.87376777,21.218733,18.87376777,20.18782914
it138,15.39420431,18.01425635,15.5804155,18.01425635,21.86963279,18.01425635,20.74097701
it139,19.60971467,22.36238407,21.20392079,22.36238407,25.1016468,22.36238407,23.68066632
it140,20.41959035,21.6905376,21.52522033,21.6905376,24.98955348,21.6905376,22.59688939
it141,20.33565806,20.87390384,20.87390384,22.0370992,22.85500363,21.02029971,21.55123591
it142,16.34945495,17.45695583,16.8632802,17.45695583,22.00061051,17.45695583,19.31180436
it143,19.73014965,20.32744913,22.63281267,20.32744913,22.63281267,20.32744913,22.63281267
it144,14.85864194,15.51520565,15.81320696,15.51520565,21.38216419,15.51520565,17.0942505
it145,15.48550655,16.58199458,17.14319749,17.7715605,23.51640549,16.58199458,18.09403758
it146,17.15969761,17.44545698,18.9776751,17.44545698,21.36674354,17.44545698,18.9776751
it147,20.31015332,21.2949654,22.75680405,21.2949654,22.75680405,21.2949654,22.75680405
it148,16.63557148,18.34938517,17.79457519,18.34938517,21.87702237,18.34938517,20.48890445
it149,18.16453161,20.5852288,18.83255889,20.5852288,24.31044051,20.5852288,23.14485801
it150,19.39959107,21.09444076,22.19097323,21.09444076,23.30880695,21.09444076,22.19097323
it151,18.88288893,20.17648117,18.88288893,20.17648117,23.6676495,20.17648117,21.89271336
it152,16.00707473,17.25086875,17.70480549,17.25086875,20.88719267,17.25086875,20.88719267
it153,14.44261436,16.11273269,16.85618562,16.11273269,18.8273585,16.11273269,16.85618562
it154,12.2985716,14.66177554,13.21449027,14.66177554,18.70701511,14.66177554,17.43709892
it155,17.32256776,17.59879893,19.20634855,17.59879893,19.20634855,17.59879893,19.20634855
it156,14.14771707,17.38014296,15.15203043,17.38014296,22.2320612,17.38014296,20.8486646
it157,15.05983449,17.39217368,16.58902738,17.39217368,18.11718132,17.39217368,18.73659549
it158,17.52348462,19.33527461,20.77024687,19.33527461,20.77024687,19.33527461,20.77024687
it159,14.11447957,16.06915013,15.21697746,17.48637093,24.81848152,16.06915013,15.41326236
it160,14.65635117,15.15984081,14.99998056,17.3397265,21.42577895,17.3397265,18.48909565
it161,21.26573558,22.42125302,22.2732271,22.42125302,25.77363134,22.42125302,22.29869612
it162,17.36404029,18.40259782,18.40259782,18.40259782,23.08497834,18.40259782,19.29838684
it163,17.60171947,18.0221823,19.73055405,18.0221823,19.73055405,18.0221823,19.73055405
it164,16.26345358,17.40669671,17.33228178,17.40669671,22.48095945,17.40669671,18.97584048
it165,20.23566137,21.53893149,22.30826447,21.53893149,24.85495931,21.53893149,22.30826447
it166,13.55796191,13.67143634,14.45005347,15.59930757,18.21363358,15.59930757,18.21363358
it167,14.75425156,15.44095534,16.22950796,16.8643977,21.49678658,15.78499374,19.88842038
it168,18.28780558,19.38152458,20.99730313,19.38152458,22.56951839,19.38152458,20.99730313
it169,15.94851467,17.30564391,18.38562248,17.30564391,18.38562248,17.30564391,18.38562248
it170,16.28759086,17.24530018,17.10803663,17.24530018,19.20238526,17.24530018,19.20238526
it171,15.01902468,17.29846984,19.16247838,17.29846984,19.16247838,17.29846984,19.16247838
it172,16.04331839,18.11805375,16.82817054,18.11805375,22.53196868,18.11805375,17.46479936
it173,15.52353342,17.65638263,19.55958417,17.65638263,19.55958417,17.65638263,19.55958417
it174,14.40092714,15.44277174,16.91765379,15.44277174,17.96679672,15.44277174,16.91765379
it175,17.74721021,19.28973333,18.7138097,19.28973333,21.40645235,19.28973333,20.12839268
it176,21.01233335,22.82488596,23.56005698,22.82488596,25.34910396,22.82488596,23.56005698
it177,17.94753501,20.71645133,20.6194196,20.71645133,23.15744525,20.71645133,21.9815082
it178,16.78789621,17.74262223,17.84132354,17.74262223,20.36156115,17.74262223,17.84132354
it179,17.17863532,17.77314261,18.62824212,17.77314261,19.77755284,17.77314261,18.62824212
it180,13.89717125,15.9284657,14.97732475,15.9284657,20.25922877,15.9284657,16.04679776
it181,23.25969136,24.84160627,25.40491077,24.84160627,26.68283832,24.84160627,25.40491077
it182,19.57855016,21.04637783,23.58084252,21.04637783,23.58084252,21.04637783,23.58084252
it183,19.13637271,20.26154206,23.26409058,21.48389251,24.70878783,20.26154206,23.26409058
it184,14.29240651,16.21894128,15.53258664,16.21894128,22.24812711,16.21894128,16.83214052
it185,20.31383219,21.04324729,23.84855304,21.04324729,23.84855304,21.04324729,23.84855304
it186,17.14356229,20.26658429,19.34863472,20.26658429,24.07814903,20.26658429,22.42035038
it187,16.48997139,18.09256675,18.09256675,18.09256675,19.82584347,18.09256675,18.09256675
it188,16.17913571,16.90244803,18.15347484,17.98512029,22.97728966,16.90244803,19.44785344
it189,18.26229599,20.25904496,21.42113642,20.25904496,23.2095876,20.25904496,21.42113642
it190,13.59041223,15.11481054,15.67735418,15.11481054,17.15629014,15.11481054,15.67735418
it191,15.27278247,16.74741598,18.44279582,16.74741598,18.44279582,16.74741598,18.44279582
it192,14.47041797,15.93211706,15.18918357,15.93211706,19.44309919,15.93211706,19.44309919
it193,17.65744578,17.98093662,18.79501175,17.98093662,22.77006538,17.98093662,19.88469261
it194,15.45820121,17.84143274,19.28425956,18.87102122,23.50748697,17.84143274,20.7992306
it195,11.13610583,15.02729432,13.22997733,15.02729432,19.72607901,15.02729432,15.49353469
it196,15.98717934,17.20407499,17.22750538,17.20407499,19.25724581,17.20407499,17.22750538
it197,15.28689693,16.92977881,18.28432055,19.63450918,23.97265645,19.63450918,22.14032573
it198,18.53800897,20.06616154,21.38953997,20.06616154,21.38953997,20.06616154,21.38953997
it199,13.91641938,16.2378307,16.43611462,16.2378307,22.12393333,16.2378307,18.75825209
it200,17.594093,19.13329163,18.96194617,19.13329163,22.67500725,19.13329163,18.96194617
it201,14.98051606,15.76515116,19.13920615,17.12838334,19.13920615,15.76515116,19.13920615
it202,16.39264574,16.86489035,18.05699143,16.86489035,19.58250427,16.86489035,18.05699143
it203,16.90540534,17.41075389,17.44944714,17.41075389,23.19866411,17.41075389,19.1043682
it204,16.30080665,17.91044923,18.41608189,17.91044923,22.61180355,17.91044923,19.16424445
it205,14.49340863,14.74318548,15.55697627,16.76293287,20.65713024,14.74318548,14.87260333
it206,17.22095739,18.60634198,18.41889618,18.60634198,22.00002747,18.60634198,22.00002747
it207,11.97054416,13.64256488,12.67924717,13.64256488,17.02699134,13.64256488,14.03612231
it208,18.37648996,19.63264918,20.90517402,19.63264918,22.00173255,19.63264918,20.98648158
it209,17.17520211,18.62367254,17.78815812,18.62367254,19.4510151,18.62367254,19.4510151
it210,17.89634816,21.14187241,22.21554994,21.14187241,23.62271318,21.14187241,22.21554994
it211,13.43529616,15.02696702,17.28337511,15.02696702,18.30337471,15.02696702,17.28337511
it212,13.64828046,15.44682936,14.30980176,16.4724095,19.23216001,15.44682936,17.67070786
it213,18.73088434,20.48481304,20.48481304,20.48481304,23.41762654,20.48481304,21.81205008
it214,19.99636785,20.57098621,20.67700401,21.79954233,26.4194287,20.57098621,24.5992837
it215,20.8830733,22.8282754,23.37614679,22.8282754,25.14309554,22.8282754,23.37614679
it216,17.0331474,19.38223305,18.96442583,19.38223305,24.6656176,19.38223305,19.41855156
it217,18.23830067,20.24897286,20.84859029,20.24897286,24.2230495,20.24897286,20.84859029
it218,13.74440436,15.36188805,16.37171717,15.36188805,16.37171717,15.36188805,16.37171717
it219,14.78282811,17.74942224,19.67583222,17.74942224,21.04927042,17.74942224,19.67583222
it220,12.91425135,16.17246589,13.41535585,16.17246589,19.88993849,16.17246589,18.6037663
it221,13.73995405,14.39926648,15.3508167,14.39926648,17.64592323,14.39926648,15.3508167
it222,13.95088345,15.07073563,15.83346195,16.49152556,19.74144894,15.07073563,18.30785242
it223,11.98633853,13.99296419,14.12822528,13.99296419,15.97467284,13.99296419,14.25860325
it224,18.33773198,19.20255382,20.84547797,19.20255382,20.84547797,19.20255382,20.84547797
it225,16.24756297,18.38225025,16.75615307,18.38225025,23.29478851,18.38225025,20.30517202
it226,14.90032053,17.89949887,16.60007968,17.89949887,22.42964192,17.89949887,18.67373565
it227,14.63306361,14.88084104,16.13164239,14.88084104,18.62604268,14.88084104,16.13164239
it228,18.15682097,20.56477264,19.35945652,20.56477264,23.38864095,20.56477264,20.81229684
it229,13.11779489,16.05049385,13.96465436,16.05049385,20.72293685,16.05049385,17.19213736
it230,12.41222866,14.40764202,15.7836814,14.40764202,17.47639,14.40764202,15.7836814
it231,19.07747096,20.50477055,19.66520168,20.50477055,25.55110081,20.50477055,22.52290034
it232,14.49608304,15.89537994,17.26261429,15.89537994,18.36653552,15.89537994,17.26261429
it233,17.66929139,18.79961673,19.89486847,18.79961673,21.72744161,18.79961673,19.89486847
it234,14.91158718,15.86996912,18.15048701,15.86996912,18.15048701,15.86996912,18.15048701
it235,14.4594192,16.07538516,17.10322854,16.07538516,18.78959227,16.07538516,17.10322854
it236,16.56769551,18.51144588,17.81666009,18.51144588,22.19530028,18.51144588,21.12475023
it237,15.25315378,17.10664327,18.50585925,17.10664327,20.77109301,17.10664327,18.50585925
it238,15.06796144,17.17956127,19.05537595,17.17956127,20.2335669,17.17956127,20.2335669
it239,17.00370144,17.94729226,19.0755335,17.94729226,21.25355542,17.94729226,19.35455717
it240,20.7481279,21.56953227,22.91592543,21.56953227,24.47637065,21.56953227,22.91592543
it241,15.15497101,17.47246144,16.53054368,18.72581704,24.35074346,17.47246144,19.99970691
it242,16.07959956,17.35356706,18.59692043,17.35356706,20.17323332,17.35356706,20.17323332
it243,15.90677489,17.2788985,19.1136472,17.2788985,20.19064031,17.2788985,19.1136472
it244,16.35342372,16.96295252,17.8756369,16.96295252,20.48231496,16.96295252,17.8756369
it245,13.79990533,15.47190784,17.18184717,16.55164035,20.3641949,16.55164035,19.30338109
it246,14.59928464,15.06680547,16.34377355,15.06680547,23.03714632,15.06680547,16.18582043
it247,18.99559489,20.33654027,21.46769418,20.33654027,24.12228324,20.33654027,21.46769418
it248,16.99282188,18.06225065,17.46489099,18.06225065,20.6903828,18.06225065,20.6903828
it249,20.44998602,20.98984453,21.25826821,20.98984453,24.44794933,20.98984453,21.25826821
it250,19.19692528,21.84676579,19.79309382,21.84676579,24.4850728,21.84676579,23.4769748
it251,17.7880068,19.55842665,21.3514388,19.55842665,21.3514388,19.55842665,21.3514388
it252,23.22371558,24.43171008,25.52655588,24.43171008,27.64559036,24.43171008,27.64559036
it253,19.40321857,19.99543569,22.95395841,19.99543569,22.95395841,19.99543569,22.95395841
it254,16.98789198,18.15466805,18.28191564,18.15466805,21.13828797,18.15466805,21.13828797
it255,13.19679239,14.96950495,16.22070752,18.55870327,21.92591734,17.05663572,19.32980352
it256,15.54555876,17.16849303,16.6565167,17.16849303,20.21046349,17.16849303,18.6464232
it257,17.06141388,17.54231647,17.54567441,17.54231647,19.2130347,17.54231647,18.19852916
it258,19.430792,21.14563143,21.00465049,21.14563143,23.54312956,21.14563143,22.49288607
it259,18.9403412,20.41527258,21.23363981,20.41527258,22.2554776,20.41527258,22.2554776
it260,18.88717632,19.74679674,21.38301663,19.74679674,23.09274402,19.74679674,21.38301663
it261,14.10660516,16.50406761,17.39120173,19.62238405,21.9373509,18.36996592,21.9373509
it262,13.63208599,15.2912406,15.78105778,15.2912406,18.12389587,15.2912406,18.12389587
it263,14.49410984,14.82052465,14.82052465,18.2102181,21.92358908,18.2102181,19.19687705
it264,15.42152272,17.33462037,19.01299279,17.33462037,20.41074906,17.33462037,19.01299279
it265,16.44543544,18.39700152,17.37140832,18.39700152,20.98920195,18.39700152,18.44357064
it266,15.97623862,18.9755874,16.89888887,18.9755874,20.73690525,18.9755874,19.29975604
it267,15.66237792,18.18702446,17.03874985,18.18702446,22.58594621,18.18702446,19.67989045
it268,19.01081098,19.63256866,20.7764933,19.63256866,22.31393885,19.63256866,20.7764933
it269,16.45555012,18.41504723,16.77711036,18.41504723,22.53140455,18.41504723,19.20764443
it270,16.23620099,18.3109238,18.11987156,18.3109238,23.19991354,18.3109238,18.62337761
it271,20.34132439,20.58052093,21.08608221,20.58052093,23.47132183,20.58052093,22.18075305
it272,16.94382402,18.39679032,18.44004906,18.39679032,20.12268939,18.39679032,18.44004906
it273,16.17699957,17.70845381,18.24438304,18.9081029,21.244261,18.9081029,18.92332708
it274,19.73512961,20.7921992,22.13748729,20.7921992,22.13748729,20.7921992,22.13748729
it275,15.63885462,16.1435636,16.06275027,17.23485731,21.34266273,17.23485731,19.12394521
it276,17.01534608,17.74096007,17.01534608,18.88771762,21.23799721,18.88771762,21.23799721
it277,19.21055569,21.07077497,20.18584343,21.07077497,24.85072947,21.07077497,24.85072947
it278,17.79094579,19.04642089,19.08168937,19.04642089,21.57454809,19.04642089,21.57454809
it279,14.18460787,15.39805815,16.71275871,16.61815394,19.96989116,15.39805815,18.93815539
it280,15.46002011,17.5439501,17.48476044,17.5439501,21.41926481,17.5439501,16.72488975
it281,16.37005618,16.99965981,16.99965981,21.5758709,22.64389072,20.27555045,21.34357026
it282,20.43353906,21.25839534,23.23938601,22.30034172,24.56716295,22.30034172,23.23938601
it283,16.76100464,18.53010358,20.39698124,18.53010358,20.39698124,18.53010358,20.39698124
it284,16.82438527,17.41478091,19.25378585,17.41478091,19.25378585,17.41478091,19.25378585
it285,13.29044886,13.65033793,13.94110521,14.83619496,18.72384594,14.83619496,15.35020233
it286,15.11890828,19.01791896,16.43530883,19.01791896,21.94997891,19.01791896,20.87310786
it287,15.71315189,16.73577055,17.67606065,16.73577055,18.85939135,16.73577055,17.67606065
it288,18.98163959,20.3948634,21.14513008,20.3948634,22.15079229,20.3948634,21.14513008
it289,21.05059272,21.89390839,21.86119557,21.89390839,24.50594531,21.89390839,23.45182772
it290,15.09180283,16.65115473,18.43654973,16.65115473,18.43654973,16.65115473,18.43654973
it291,15.88208454,16.83593664,17.2355504,16.83593664,18.45184462,16.83593664,17.2355504
it292,16.34294596,18.01667118,18.70903335,18.01667118,21.35879781,18.01667118,18.70903335
it293,12.59168351,13.45665452,14.40207002,13.45665452,15.79833411,13.45665452,14.40207002
it294,15.38468734,18.30168477,17.10689143,18.30168477,20.62168281,18.30168477,20.62168281
it295,18.0022024,19.15450338,19.08863933,21.24310587,26.07461199,20.00854976,23.42535687
it296,14.97921733,15.60890283,18.02996099,15.60890283,18.02996099,15.60890283,18.02996099
it297,18.37694531,18.97929859,22.63975157,20.01781097,22.63975157,18.97929859,22.63975157
it298,16.10232069,16.67203797,17.11508728,19.86051716,21.25079787,18.24090268,21.25079787
it299,16.1221294,17.49646407,19.2981131,17.49646407,19.2981131,17.49646407,19.2981131
it300,16.20827351,16.58221749,18.09933,16.58221749,20.13630969,16.58221749,18.5760235
it301,21.99214502,23.6314324,25.10888991,23.6314324,26.65537017,23.6314324,25.10888991
it302,17.25502419,18.22260865,18.01752709,18.22260865,21.55524232,18.22260865,19.46318994
it303,16.2832078,18.08379125,19.34628062,18.08379125,23.52501718,18.08379125,20.63044821
it304,18.43938668,20.95497997,19.59960662,20.95497997,25.27254036,20.95497997,22.98584748
it305,16.21187028,18.7013279,17.09242021,18.7013279,23.05795083,18.7013279,21.37981594
it306,14.13323353,15.27752892,15.73146795,15.27752892,16.86826934,15.27752892,15.73146795
it307,20.71714378,21.06838008,22.75481625,21.06838008,22.75481625,21.06838008,22.75481625
it308,22.14913988,23.33674409,23.511597,23.33674409,28.00571072,23.33674409,25.73647349
it309,16.78305677,17.44579795,20.20110948,17.44579795,20.20110948,17.44579795,20.20110948
it310,14.28613803,15.26330146,17.80970461,15.26330146,19.39746244,15.26330146,17.80970461
it311,15.17343179,16.19479142,16.73578861,17.21666572,20.73413041,16.19479142,16.99718842
it312,17.657621,18.43737002,19.47609121,18.43737002,20.85377401,18.43737002,19.47609121
it313,18.45445396,18.673399,19.76866237,19.98582614,22.6696057,19.98582614,22.6696057
it314,19.01734606,19.72914474,20.23149099,19.72914474,23.06495664,19.72914474,20.23149099
it315,18.73784906,20.56253657,22.10945711,20.56253657,24.10497659,20.56253657,21.70475345
it316,15.35004006,17.49215715,17.13833599,17.49215715,21.09214685,17.49215715,18.18298695
it317,18.5837716,21.45236789,20.95075491,21.45236789,27.52184914,21.45236789,21.83303791
it318,15.21313741,16.14212975,17.21008392,19.13710909,23.30198402,16.14212975,21.4184998
it319,16.78942413,17.81952677,19.05772592,17.81952677,20.70113148,17.81952677,19.19327792
it320,19.23313158,20.07995092,19.93719096,20.07995092,23.32421949,20.07995092,22.09222614
it321,16.58871055,18.81917193,18.33670809,18.81917193,23.00921433,18.81917193,19.58569161
it322,18.08620816,18.18550429,18.11373732,20.47758213,24.88079432,19.33606941,20.16849084
it323,17.00117617,18.55725849,17.51049405,18.55725849,25.6276187,18.55725849,22.17128063
it324,20.24695608,22.39869796,21.1067565,22.39869796,25.038179,22.39869796,25.038179
it325,12.47106449,15.60573297,13.2910841,15.60573297,19.33581581,15.60573297,16.71587635
it326,14.28308751,14.28308751,14.28308751,18.17971086,19.45345718,17.02545818,19.45345718
it327,18.28315295,20.05117939,22.2403984,20.05117939,23.5503328,20.05117939,22.2403984
it328,21.31012736,22.91457158,23.90911627,22.91457158,25.1832496,22.91457158,25.1832496
it329,16.71806904,18.80436689,18.80436689,18.80436689,18.80436689,18.80436689,20.19760904
it330,22.99106395,23.37159096,24.78603344,23.37159096,25.96477523,23.37159096,25.96477523
it331,15.82021721,17.97482748,17.10791082,19.08346623,23.69392458,17.97482748,18.92893835
it332,15.69093075,15.69093075,15.88514141,18.81155028,18.5805614,18.81155028,18.5805614
it333,13.89921463,14.48222355,15.86435051,15.69238373,19.84566819,14.48222355,18.63550801
it334,16.6314241,18.80148765,17.78745072,18.80148765,22.96116493,18.80148765,20.25644858
it335,17.01698071,18.36487449,17.05567272,18.36487449,23.05993274,18.36487449,19.37538362
it336,15.96592391,17.92470624,18.16390509,17.92470624,22.02919492,17.92470624,17.79144052
it337,17.80924465,18.02340405,18.92696156,18.02340405,22.64245279,18.02340405,18.92696156
it338,16.92327191,17.9050547,17.61640059,17.9050547,21.66592855,17.9050547,19.03441296
it339,17.97334863,20.05768063,20.36827163,20.05768063,24.11922001,20.05768063,22.55950848
it340,20.06150192,23.80446449,20.95947077,23.80446449,27.75206838,23.80446449,25.81113124
it341,16.45645703,17.49535337,18.10645393,17.49535337,20.32839251,17.49535337,18.25098159
it342,16.28822525,16.80070353,17.64767699,16.80070353,19.99527277,16.80070353,17.64767699
it343,16.05442887,17.54415226,19.67292476,17.54415226,19.67292476,17.54415226,19.67292476
it344,14.1439421,15.83376836,17.61559911,15.83376836,17.61559911,15.83376836,17.61559911
it345,16.83236149,18.16044639,18.57053608,18.16044639,21.73156848,18.16044639,18.57053608
it346,19.9154309,20.52317477,20.53380194,20.52317477,25.88870882,20.52317477,20.96343396
it347,18.01440576,20.42980777,22.96303738,20.42980777,22.96303738,20.42980777,22.96303738
it348,17.40802033,17.82376472,19.64124654,17.82376472,19.64124654,17.82376472,19.64124654
it349,14.43753381,15.60184969,15.38003897,17.76985888,21.71068939,17.76985888,17.23882878
it350,17.47353047,19.38931421,18.09703082,19.38931421,22.25195093,19.38931421,21.20967966
it351,16.57979073,16.99706933,17.50076991,19.40270224,24.20135136,19.40270224,19.79108745
it352,19.1255276,19.64299636,21.05871371,19.64299636,22.46396043,19.64299636,21.05871371
it353,18.59645076,18.90983598,22.64978771,20.04751713,22.64978771,18.90983598,22.64978771
it354,15.87466516,18.06967717,17.36575286,20.28394803,23.35609636,18.06967717,20.79534414
it355,17.43152058,18.10417619,20.66305242,18.10417619,21.81155613,18.10417619,20.66305242
it356,17.88447276,18.80930187,19.36804967,18.80930187,22.58294962,18.80930187,19.36804967
it357,18.21975759,18.70734136,20.12743601,18.70734136,21.84976344,18.70734136,20.12743601
it358,18.74479146,19.17341325,19.5628435,20.32946526,24.6804345,19.17341325,22.15529017
it359,21.9150222,22.8383871,24.85513221,22.8383871,25.95480735,22.8383871,24.85513221
it360,14.31251948,15.39656144,14.68018596,16.52635648,23.30111529,15.39656144,15.70949264
it361,11.43504783,12.98502842,15.54709929,12.98502842,18.31046595,12.98502842,15.54709929
it362,18.71187228,21.0571031,19.96434243,21.0571031,23.4824867,21.0571031,22.33024888
it363,17.17296957,18.94539406,18.08439274,18.94539406,22.30723494,18.94539406,20.36952777
it364,14.61940565,16.49228838,17.62083518,16.49228838,20.6790187,16.49228838,18.1983525
it365,11.13023618,13.21214889,12.80388318,15.23341078,18.67555798,15.23341078,16.92276657
it366,12.20621987,15.88089255,15.67938959,15.88089255,19.72119224,15.88089255,17.96914351
it367,18.70475605,19.70381221,22.02134282,19.70381221,22.02134282,19.70381221,22.02134282
it368,15.99245058,17.03193574,16.47160753,17.03193574,19.78240336,17.03193574,17.03193574
it369,17.0723719,18.01063373,18.9729042,18.01063373,18.9729042,18.01063373,18.9729042
it370,16.89031897,17.88430716,18.78649182,17.88430716,18.78649182,17.88430716,18.78649182
it371,16.28668839,18.83256929,17.78036355,18.83256929,24.39182428,18.83256929,20.43451528
it372,12.37198063,12.60437283,12.99074956,13.79009898,18.93065948,12.60437283,13.32415999
it373,16.09850959,17.39270232,19.02601858,17.39270232,20.13877665,17.39270232,19.02601858
it374,17.50214803,18.18922272,20.24013878,19.26764506,22.10898234,18.18922272,20.88314891
it375,17.55066458,20.68554611,19.68825344,20.68554611,24.96156601,20.68554611,23.26327798
it376,16.6213275,17.35706862,18.34170113,18.5777081,22.20105965,17.35706862,18.69809863
it377,13.21101776,14.69911741,15.7923465,14.69911741,18.74648662,14.69911741,15.7923465
it378,17.59389943,17.60410195,18.64980298,17.60410195,20.08217749,17.60410195,18.64980298
it379,16.60665687,18.41557818,18.43772089,18.41557818,21.24091026,18.41557818,18.8889502
it380,18.94139517,18.96189927,18.96189927,20.00430673,23.13569695,18.96189927,19.79198333
it381,14.19530382,16.5333714,15.2309078,16.5333714,20.98225177,16.5333714,16.7406572
it382,10.58190766,11.81787008,11.84312931,15.53777865,20.33393898,14.0850727,15.82831576
it383,17.69433436,18.77754309,20.8182874,18.77754309,20.8182874,18.77754309,20.8182874
it384,11.88152899,14.26502688,13.10289074,14.26502688,17.64603181,14.26502688,13.7293621
it385,17.39569666,20.53653176,18.48090191,20.53653176,25.63110526,20.53653176,21.33699232
it386,14.3450129,15.56612343,15.30425412,15.56612343,20.84366469,15.56612343,16.40277256
it387,12.86959585,12.94042041,14.15726569,12.94042041,14.15726569,12.94042041,14.15726569
it388,15.18929552,16.76408748,17.55320741,16.76408748,17.55320741,16.76408748,17.55320741
it389,16.89896151,18.6225156,16.98911602,18.6225156,20.95491949,18.6225156,17.56285341
it390,17.78829772,19.16630979,18.14478947,19.16630979,22.36888549,19.16630979,19.34220513
it391,17.72169264,19.17595602,20.30132131,19.17595602,22.67373253,19.17595602,20.30132131
it392,20.14988176,22.20643452,23.0368636,22.20643452,25.36075579,22.20643452,23.0368636
it393,13.54060835,16.17621675,14.36415122,16.17621675,19.91058347,16.17621675,18.65519092
it394,14.3910635,16.8729855,15.93654785,16.8729855,22.09912115,16.8729855,19.26976344
it395,16.54183785,18.59234144,19.37815038,18.59234144,23.32804589,18.59234144,20.99304442
it396,15.49402155,17.72010424,17.59176699,17.72010424,22.16885435,17.72010424,17.59176699
it397,20.6983501,22.37672974,21.13467269,22.37672974,25.9140465,22.37672974,22.87531586
it398,21.07152395,22.01085793,21.52964231,22.01085793,26.34316327,22.01085793,22.56522749
it399,17.53392569,18.47271063,19.2425831,18.47271063,22.50777369,18.47271063,19.43292269
it400,20.81978195,21.94292269,23.11202855,21.94292269,24.35137249,21.94292269,23.11202855
it401,11.9009333,12.91900704,13.22692804,14.09925668,18.2387383,12.91900704,14.65667193
it402,25.06590313,26.09141128,28.78270444,26.09141128,30.67546764,26.09141128,28.43214498
it403,18.04088285,19.77248956,19.05671185,19.77248956,22.92469287,19.77248956,21.9074797
it404,17.28719952,19.71714994,18.16262278,19.71714994,23.99614392,19.71714994,22.7109756
it405,14.95061743,15.20249032,16.92152176,15.20249032,19.81983862,15.20249032,16.92152176
it406,16.53007905,17.63815465,19.00164563,17.63815465,19.00164563,17.63815465,19.00164563
it407,18.51920179,19.67648452,21.83507226,19.67648452,21.83507226,19.67648452,21.83507226
it408,22.72830765,23.32056397,23.21001937,25.37383609,27.60049975,25.37383609,26.49159117
it409,15.99907148,17.79936214,17.31124497,17.79936214,20.18921391,17.79936214,19.10639357
it410,21.39310188,21.54976593,22.68042553,21.54976593,23.99960059,21.54976593,22.68042553
it411,18.85272767,20.00373759,20.5643437,20.00373759,23.82552592,20.00373759,20.5643437
it412,13.54883179,16.02224163,14.74091348,17.55817768,21.20531392,16.02224163,19.72361706
it413,17.13170616,18.93222056,19.65438346,18.93222056,22.42096228,18.93222056,20.88706046
it414,14.46226197,16.18077612,15.44774101,16.18077612,22.32910494,16.18077612,17.64767467
it415,15.84581955,18.3216586,19.18681453,18.3216586,22.47890788,18.3216586,19.61833711
it416,15.83441904,18.18664553,15.83441904,18.18664553,23.41642656,18.18664553,19.64029952
it417,15.5528102,16.22479855,16.45096971,19.65354589,22.80740269,19.65354589,21.65327355
it418,19.35610411,20.13772005,20.44542546,20.13772005,23.54142166,20.13772005,20.44542546
it419,18.176252,19.64213461,20.45464843,19.64213461,21.57889449,19.64213461,20.45464843
it420,16.54291772,17.28672107,18.23395497,18.34665178,19.70872563,17.28672107,19.63534556
it421,16.52051644,18.15635831,19.10133204,18.15635831,21.75626147,18.15635831,19.51722322
it422,19.54249024,20.57482366,22.46336525,20.57482366,23.89093044,20.57482366,22.80017958
it423,15.05293095,16.73296207,16.80282521,16.73296207,21.21091274,16.73296207,16.90240534
it424,10.42713389,12.40312903,11.30544644,12.40312903,14.89765658,12.40312903,12.83186511
it425,18.88219502,19.91991102,22.06856063,19.91991102,22.06856063,19.91991102,22.06856063
it426,15.57563306,16.16129801,17.57351074,17.45662442,23.69575569,16.16129801,19.55964687
it427,19.28670632,20.41155342,21.10111404,20.41155342,24.42411092,20.41155342,21.13149274
it428,15.40340155,15.98841303,17.48392442,17.08331682,20.98639462,17.08331682,19.21217849
it429,14.20307948,15.12298807,16.49085489,16.27060557,17.91149321,15.12298807,16.49085489
it430,18.64963444,19.97329084,18.86707152,19.97329084,23.05281323,19.97329084,23.05281323
it431,12.19618672,14.03156478,16.48393918,14.03156478,16.48393918,14.03156478,16.48393918
it432,16.40219791,18.3539371,20.29153178,18.3539371,20.29153178,18.3539371,20.29153178
it433,14.3908032,17.52156827,15.22655589,17.52156827,19.6404411,17.52156827,18.5010618
it434,18.18952951,19.18946416,19.73696007,22.41210082,26.63662661,22.41210082,21.50157617
it435,17.44830533,19.18340115,18.09578514,19.18340115,24.40124569,19.18340115,21.31236953
it436,17.58927771,19.17008858,20.41186238,19.17008858,21.66648873,19.17008858,22.19747621
it437,16.2720411,19.44382714,18.3889312,19.44382714,24.28412214,19.44382714,18.90944688
it438,12.98583997,13.80656857,13.12414475,13.80656857,19.1995763,13.80656857,13.12414475
it439,17.91108219,19.81579999,18.16742316,21.03576258,24.1943954,19.81579999,21.72302969
it440,15.61127204,17.38345691,17.48882141,17.38345691,21.2686416,17.38345691,21.2686416
it441,17.81346572,19.13930669,19.98442073,19.13930669,23.70091376,19.13930669,19.98442073
it442,16.31789461,17.53004559,18.50417253,17.53004559,21.95802303,17.53004559,21.95802303
it443,20.51507194,22.61016371,24.4475289,23.78093557,28.25046046,22.61016371,22.87381563
it444,17.41919372,19.63471491,18.69661727,19.63471491,24.62096509,19.63471491,20.84606722
it445,11.33494503,12.92291078,12.5696554,12.92291078,18.82721346,12.92291078,14.10419919
it446,18.37569881,20.4611578,22.16880629,20.4611578,22.16880629,20.4611578,22.16880629
it447,16.79785763,18.97746816,17.45481849,18.97746816,23.03341267,18.97746816,19.89859364
it448,19.28016921,20.35360481,23.39169995,22.11925219,24.80521404,20.35360481,22.78702625
it449,20.40334623,20.76368511,22.36689977,20.76368511,23.98108334,20.76368511,22.77688883
it450,17.30578834,19.83424906,20.51737753,19.83424906,23.18648055,19.83424906,22.10700488
it451,23.1724105,25.07917711,23.96399593,25.07917711,29.56481225,25.07917711,26.11548495
it452,19.80095051,21.36085511,24.01427139,21.36085511,24.01427139,21.36085511,24.01427139
it453,18.51276019,19.04081915,19.18975885,19.04081915,21.67148854,19.04081915,19.18975885
it454,19.03600138,21.26523922,19.81081596,21.26523922,24.40570388,21.26523922,22.29216827
it455,14.16598943,15.72758369,14.83789512,17.12116842,21.15759248,15.72758369,16.16475129
it456,13.28567007,15.23202738,14.17994624,16.54783492,18.50848435,16.54783492,17.31399358
it457,17.23744999,18.63832915,20.828654,20.21621487,23.43831287,18.63832915,22.12587644
it458,17.39363197,18.89608632,20.72794559,18.89608632,24.37933087,18.89608632,20.83529756
it459,15.53927102,17.1064631,16.714994,17.1064631,22.486795,17.1064631,16.61993739
it460,17.63597905,19.08945129,20.07334895,19.08945129,23.44911476,19.08945129,20.07334895
it461,19.82414671,20.10403007,21.96830344,20.10403007,23.62893895,20.10403007,21.96830344
it462,15.56342805,17.01489095,17.97208713,17.01489095,22.5166512,17.01489095,19.26572405
it463,12.09365924,13.42217641,12.09365924,15.77236277,19.00192904,14.54784183,17.34085178
it464,19.55548626,20.04676639,22.18466222,20.04676639,23.99508285,20.04676639,22.6102614
it465,19.73141531,21.12921001,20.24906426,21.12921001,24.29703114,21.12921001,23.14944522
it466,15.21651596,16.61703021,16.4253734,16.61703021,20.69957705,16.61703021,16.61787975
it467,15.0292583,16.36867462,15.74434673,16.36867462,21.83175153,16.36867462,17.6191771
it468,15.54695092,17.10216862,17.27168657,17.10216862,18.55828923,17.10216862,17.27168657
it469,16.66182683,17.60141348,17.97288968,17.60141348,22.77468382,17.60141348,18.25872081
it470,17.0489462,18.55323297,20.44043365,19.5698451,22.34842111,18.55323297,20.08911155
it471,18.25280473,20.70884546,19.26230176,20.70884546,22.69375684,20.70884546,19.33184582
it472,16.13210345,18.60489796,17.07956737,18.60489796,22.55198194,18.60489796,22.55198194
it473,14.32271628,15.33534442,15.43431312,16.37953623,19.39285186,15.33534442,19.39285186
it474,13.48927556,14.32428474,15.61292077,14.32428474,16.94376057,14.32428474,15.61292077
it475,14.31702519,16.40750375,16.27691974,16.40750375,21.68731172,16.40750375,17.30915667
it476,18.93555749,20.49296643,20.67346089,20.49296643,24.26441385,20.49296643,21.72021535
it477,15.93039848,16.71452165,17.18135946,19.47992936,21.85063868,19.47992936,21.85063868
it478,12.65789675,13.06611382,14.22252599,13.06611382,15.2299564,13.06611382,15.2299564
it479,20.51925832,21.18870166,23.01518098,21.18870166,23.01518098,21.18870166,23.01518098
it480,12.90944995,15.21360215,13.93480305,15.21360215,18.62551023,15.21360215,15.02824568
it481,17.39238101,18.31768727,18.93052137,18.31768727,20.88398061,18.31768727,19.25178669
it482,14.81073227,17.15593116,16.39519844,17.15593116,20.97980417,17.15593116,19.10673267
it483,20.87564638,21.74379774,21.82751681,21.74379774,24.12152608,21.74379774,24.12152608
it484,15.33654991,15.68619358,16.39926036,15.68619358,17.8523677,15.68619358,16.69739114
it485,16.85872306,18.36735832,17.65017992,18.36735832,21.52680956,18.36735832,17.65017992
it486,12.02771582,13.61248073,12.02771582,13.61248073,15.99671343,13.61248073,14.1049899
it487,16.98848135,19.19755401,20.48312126,19.19755401,21.69232857,19.19755401,20.48312126
it488,17.4442026,17.67207213,17.70449301,17.67207213,22.91510734,17.67207213,17.70449301
it489,18.52207784,18.62298932,19.01388265,21.18146278,24.72421267,18.62298932,23.30209955
it490,19.21743018,20.94890208,21.60340119,20.94890208,22.06051779,20.94890208,22.06051779
it491,17.81002191,18.5916146,19.8993182,18.5916146,19.8993182,18.5916146,19.8993182
it492,19.80459784,21.18271974,22.87168288,21.18271974,22.87168288,21.18271974,22.87168288
it493,16.7016527,17.8348232,17.5532063,17.8348232,21.33611453,17.8348232,17.5532063
it494,14.64039375,15.46008917,16.77818796,15.46008917,17.89567144,15.46008917,16.77818796
it495,16.58847684,19.69186674,17.76283217,19.69186674,25.8717971,19.69186674,21.06923772
it496,12.54527273,13.86625633,13.19157524,13.86625633,20.13758287,13.86625633,17.29817652
it497,19.92889153,20.61047515,21.28331273,20.61047515,23.49093008,20.61047515,21.28331273
it498,17.10220996,17.87487815,19.77289191,17.87487815,20.89494497,17.87487815,19.77289191
it499,11.8360013,14.50594002,15.0557966,14.50594002,18.56616279,14.50594002,16.72042458
it500,13.44644179,13.9610268,15.50738704,13.9610268,15.50738704,13.9610268,15.50738704
it501,18.2882494,21.19272533,22.85835041,21.19272533,22.85835041,21.19272533,22.85835041
it502,14.93680156,16.64075923,19.68344,16.64075923,19.68344,16.64075923,19.68344
it503,16.58322863,18.05966024,17.10613138,18.38472303,23.99838426,18.38472303,18.29769971
it504,19.88629398,21.10661461,22.91101481,21.10661461,24.13152527,21.10661461,22.91101481
it505,15.96081222,17.74888675,16.37984229,17.74888675,23.7427311,17.74888675,19.5298593
it506,14.05702586,15.98166766,15.14184815,15.98166766,17.20982493,15.98166766,15.14184815
it507,15.20414667,16.32603339,18.01284041,18.41235648,21.37482582,16.32603339,16.41952573
it508,13.37275762,15.4349227,13.76132555,15.4349227,19.91583563,15.4349227,16.8451315
it509,16.52455351,17.12985924,17.10283328,18.27500581,19.89091718,18.27500581,18.86326096
it510,15.04952451,16.00351928,16.22988901,16.00351928,21.4109102,16.00351928,16.22988901
it511,18.30576417,21.6503465,21.40270505,21.6503465,25.54844226,21.6503465,23.97846848
it512,12.73539233,14.58357903,13.82027595,14.58357903,17.94456293,14.58357903,16.144497
it513,17.59625549,18.69328662,18.57482288,18.69328662,19.86874664,18.69328662,18.57482288
it514,18.08273049,19.19262787,20.60319755,19.19262787,21.86826158,19.19262787,20.60319755
it515,17.76474744,18.54011699,21.41606939,18.54011699,22.96184839,18.54011699,21.41606939
it516,18.00678055,20.72747948,20.17707636,20.72747948,25.57265786,20.72747948,24.08899137
it517,15.54513444,17.17975489,15.899468,17.17975489,21.73637664,17.17975489,20.35269254
it518,16.09898386,18.44530167,17.80127229,18.44530167,22.4515366,18.44530167,17.80127229
it519,15.15703889,17.94793463,16.79584196,17.94793463,21.15872503,17.94793463,18.37404116
it520,15.68135555,16.38758651,18.50886277,16.38758651,19.85358059,16.38758651,18.50886277
it521,14.32959853,15.69884956,16.62430242,18.57147439,23.3568714,15.91260661,16.77214505
it522,11.96510464,14.70499753,16.43051097,14.70499753,17.99253817,14.70499753,15.87367679
it523,17.97641924,18.74403696,19.69239147,18.74403696,19.69239147,18.74403696,19.75127085
it524,16.48098296,18.21120723,20.55877874,18.21120723,20.55877874,18.21120723,20.55877874
it525,15.75589871,17.5600574,17.07641842,17.5600574,22.41222772,17.5600574,18.19969951
it526,17.16357811,19.33152913,18.67643356,19.33152913,22.7155376,19.33152913,19.70457509
it527,21.71708343,21.96879275,22.6044816,21.96879275,23.69751501,21.96879275,22.6044816
it528,16.86376757,18.67966286,19.78453157,19.97100614,22.74288338,18.67966286,20.18938562
it529,16.74451979,18.44580906,18.02807804,18.44580906,21.91929866,18.44580906,20.59210041
it530,16.87960212,17.96529927,17.23177811,19.37743677,23.14318351,17.96529927,19.40199803
it531,13.96424369,14.74025901,14.63663532,14.74025901,20.23571697,14.74025901,15.2487665
it532,16.36568665,18.11682841,16.73258224,18.11682841,24.07790069,18.11682841,17.21123551
it533,17.0659806,19.13564173,18.61204501,20.48716076,23.97169755,19.13564173,19.63329426
it534,19.69655643,20.93673202,23.15252971,20.93673202,23.15252971,20.93673202,23.15252971
it535,15.78665227,17.415303,16.76637498,18.44287143,22.80925984,17.415303,21.59270077
it536,18.51132505,21.52331687,19.91029321,21.52331687,23.94149373,21.52331687,21.03578474
it537,17.87039016,19.98601987,18.89150281,19.98601987,24.57658558,19.98601987,20.4088144
it538,18.87870406,21.66769932,20.10802179,21.66769932,26.43360781,21.66769932,21.74996698
it539,16.92483287,17.79081349,18.0348791,18.88832576,23.14794649,17.79081349,20.17573434
it540,16.2802576,19.62056229,17.94194446,19.62056229,24.97677155,19.62056229,21.44709181
it541,21.69231569,22.88635572,24.05204269,22.88635572,27.22695154,22.88635572,24.6382963
it542,19.35518901,20.31259516,19.71520093,20.31259516,22.74795246,20.31259516,22.74795246
it543,15.9742703,17.30815566,16.92170393,17.30815566,22.15799066,17.30815566,18.10791111
it544,16.54496571,16.57313194,16.57313194,17.96724544,19.36672189,16.57313194,16.57313194
it545,17.72638067,19.2255077,20.92209618,19.2255077,20.92209618,19.2255077,20.92209618
it546,14.7622128,17.95586067,15.10213122,17.95586067,23.46137454,17.95586067,17.98373402
it547,17.64279416,18.87141021,19.69559923,19.91628624,21.74833727,18.87141021,19.69559923
it548,15.94094188,16.32486584,17.19839845,16.32486584,19.74308818,16.32486584,18.33407671
it549,16.58951167,18.35184468,17.97216005,18.35184468,20.81812571,18.35184468,19.40950531
it550,15.41913467,15.96103572,17.33112066,15.96103572,20.79642579,15.96103572,17.33112066
it551,13.68064083,14.46928048,14.25651817,14.46928048,16.74442682,14.46928048,15.56297268
it552,17.57630916,17.57630916,17.57630916,18.58101972,22.82606068,17.57630916,18.92597355
it553,18.44562391,19.66271153,20.44793345,19.66271153,20.44793345,19.66271153,20.44793345
it554,17.72026994,18.74281459,20.20125285,18.74281459,20.20125285,18.74281459,20.20125285
it555,12.11803656,14.01475241,14.27669967,14.01475241,17.78070315,14.01475241,16.60441903
it556,13.55975795,15.94728358,15.18408729,15.94728358,19.55676715,15.94728358,16.52712445
it557,14.30220218,15.0591662,15.62807034,16.50675927,17.82235075,15.0591662,15.62807034
it558,16.40051654,17.4926628,17.87505484,17.4926628,19.07531948,17.4926628,17.87505484
it559,16.44817976,17.45002783,17.45002783,19.65832582,22.62326904,19.65832582,20.91204992
it560,17.82532471,19.53369719,21.1345743,19.53369719,23.76875728,19.53369719,21.12397826
it561,15.13962364,16.56409478,16.48344842,16.56409478,22.09463813,16.56409478,17.67722277
it562,15.26685936,16.63840952,15.59546721,17.77277703,20.26846213,16.63840952,18.64274499
it563,17.65289083,18.55214196,19.87539253,18.55214196,22.47474309,18.55214196,21.20405464
it564,18.08414606,19.30543075,18.85140276,19.30543075,25.33854656,19.30543075,20.29234879
it565,16.08684843,16.3840599,16.3840599,18.47025323,22.93464881,16.3840599,17.61845284
it566,19.72641902,21.37602262,19.99922305,22.70922919,26.63708345,21.37602262,24.77208356
it567,20.43167067,21.50899416,21.23234295,21.50899416,25.85280768,21.50899416,23.69398753
it568,13.87088761,15.26644102,15.05661146,15.26644102,20.59043738,15.26644102,15.64833561
it569,15.25654939,17.02700427,18.51434061,17.02700427,19.71426326,17.02700427,18.69366993
it570,17.24634151,19.07052164,18.8586501,19.07052164,21.52723645,19.07052164,18.47228385
it571,14.34843115,16.13897605,15.93521389,16.13897605,23.51124574,16.13897605,18.15569638
it572,18.59573387,18.87838619,19.44307237,18.87838619,20.73895681,18.87838619,19.44307237
it573,13.4275127,15.34924358,15.01713136,15.34924358,19.81191428,15.34924358,14.94758546
it574,17.2979518,19.06133685,19.06133685,19.06133685,19.06133685,19.06133685,19.06133685
it575,15.74316303,17.76342967,15.868437,17.76342967,21.94649603,17.76342967,19.31775554
it576,16.59052726,18.07868443,18.81861848,18.07868443,21.49354791,18.07868443,18.81861848
it577,17.28821824,18.84420943,19.72562834,18.84420943,22.22914539,18.84420943,18.84013281
it578,14.85392189,15.88203452,15.7501966,17.05766743,21.48156314,17.05766743,18.0546697
it579,15.14073489,17.03700675,16.08076523,17.03700675,20.57126982,17.03700675,17.00899425
it580,15.18802585,15.73906005,17.17533207,15.73906005,17.17533207,15.73906005,17.17533207
it581,17.29248964,18.88059355,19.64366233,18.88059355,20.96302691,18.88059355,19.80316601
it582,17.45364624,18.64062996,19.85689371,18.64062996,22.20057857,18.64062996,20.32806258
it583,19.42940441,22.35865109,20.62457084,22.35865109,25.56523874,22.35865109,20.62457084
it584,17.31149526,19.10792884,19.37991949,19.10792884,21.79417112,19.10792884,19.37991949
it585,17.88872548,19.06394734,18.65490511,19.06394734,23.07136575,19.06394734,19.41277172
it586,20.31275325,21.10943827,22.76135095,21.10943827,24.39226637,21.10943827,22.76135095
it587,14.34779674,17.53159244,15.77898033,17.53159244,22.63030659,17.53159244,18.67395065
it588,10.64134074,10.64134074,10.64134074,14.97434891,16.69481174,14.97434891,15.66143273
it589,19.01129151,20.2052639,21.9855026,20.2052639,21.9855026,20.2052639,21.9855026
it590,17.58357577,18.6973932,18.42704273,18.6973932,23.64996624,18.6973932,20.67857283
it591,19.19832815,20.12742017,20.17507146,20.12742017,24.26903706,20.12742017,20.40304413
it592,17.2711847,18.94697962,18.55898937,18.94697962,24.57299122,18.94697962,20.14298748
it593,14.12036269,16.63217539,17.34287953,16.63217539,18.69003485,16.63217539,17.34287953
it594,19.52469038,19.57654265,20.97972657,21.63557316,23.95490717,19.57654265,20.84047347
it595,18.71945605,19.16910801,18.9711788,19.16910801,22.49253939,19.16910801,19.39869401
it596,13.45606623,14.4665263,16.13369227,14.4665263,16.86284552,14.4665263,16.86284552
it597,11.84148943,13.7184683,12.64252527,15.35331109,20.12231281,13.7184683,17.04301131
it598,16.18426341,18.00189892,18.3045557,18.00189892,24.18903817,18.00189892,20.7952756
it599,15.99238201,19.24957124,17.40509988,19.24957124,23.61859905,19.24957124,19.61762014
it600,16.76951945,18.16534057,19.91668352,18.16534057,19.91668352,18.16534057,19.91668352
it601,19.37733514,20.54055262,23.0180759,20.54055262,24.38296358,20.54055262,23.0180759
it602,15.81145319,17.1014115,16.16493303,18.67756233,25.38570678,17.1014115,17.73909466
it603,9.967193016,13.2760155,13.37047613,13.2760155,16.59915911,13.2760155,14.19935109
it604,18.03144854,18.78932544,19.16415504,18.78932544,23.80362188,18.78932544,19.83838385
it605,16.50187413,17.84034217,18.53391325,17.84034217,21.13968441,17.84034217,18.96245202
it606,12.27664785,13.59309347,15.11284342,13.59309347,15.11284342,13.59309347,15.11284342
it607,19.18796105,20.671754,21.90378947,20.671754,22.94638264,20.671754,22.94638264
it608,17.55756177,19.68671794,17.80993028,19.68671794,24.10094906,19.68671794,23.09168628
it609,16.27077859,18.45679187,17.76842426,18.45679187,21.11633438,18.45679187,21.11633438
it610,17.27109186,18.84187762,22.32479161,18.84187762,22.32479161,18.84187762,22.32479161
it611,15.58859605,16.40325984,16.61973025,16.40325984,22.80406371,16.40325984,18.58752056
it612,17.50226083,19.18782638,21.37483669,19.18782638,22.47476853,19.18782638,21.37483669
it613,16.02224231,18.38737112,16.56785972,18.38737112,25.44886327,18.38737112,22.58586836
it614,16.64931878,17.78020729,18.41457033,17.78020729,22.26620518,17.78020729,18.63019985
it615,18.85485875,20.17755898,20.46668067,20.17755898,23.27519613,20.17755898,20.56183881
it616,13.76576278,15.01309241,15.33239149,15.01309241,19.30205315,15.01309241,15.33239149
it617,14.85850319,17.49441061,16.23590303,17.49441061,20.66334424,17.49441061,17.31031857
it618,19.99547732,21.69074925,22.17502742,21.69074925,24.51838304,21.69074925,22.44305254
it619,16.88815288,17.45607772,17.45607772,21.18956106,24.31136948,20.10769894,21.41496725
it620,13.93074954,15.60290764,15.27805047,15.60290764,19.95150643,15.60290764,18.2129002
it621,15.58556078,18.32067772,19.91898451,18.32067772,22.69330731,18.32067772,19.91898451
it622,15.78858673,17.26981354,16.45324326,17.26981354,21.84696102,17.26981354,19.03428917
it623,18.549781,20.41394847,21.09500281,20.41394847,22.41494866,20.41394847,21.09500281
it624,15.47361602,17.22788366,15.53758131,17.22788366,22.15015081,17.22788366,19.06079953
it625,14.27473477,15.86132681,16.39904234,15.86132681,17.58433533,15.86132681,16.80144095
it626,18.71429718,19.40159163,19.17053643,21.14620091,24.1401276,19.97366414,22.86731312
it627,18.40920283,19.17967065,20.93734881,20.23795956,23.44177569,19.17967065,20.93734881
it628,17.81371296,19.63481675,21.73003442,19.63481675,21.73003442,19.63481675,21.73003442
it629,13.82741535,16.01045101,15.56279313,17.42759605,21.26580936,16.01045101,15.1536587
it630,16.76152896,18.15396731,17.46669008,19.65003056,21.45370343,19.65003056,20.10901479
it631,18.77264281,20.90652047,21.75388026,20.90652047,22.9567589,20.90652047,21.75388026
it632,13.48301212,16.06815887,13.94281138,16.06815887,19.54713837,16.06815887,17.84715948
it633,17.02367205,18.44144873,18.92523159,18.44144873,23.38265925,18.44144873,20.41370167
it634,16.90824277,16.90824277,17.49136524,20.15614713,24.15073214,20.15614713,20.37486181
it635,15.49463554,16.57775663,17.36572758,16.57775663,20.19025949,16.57775663,17.51131872
it636,14.65180982,16.52084987,14.67685704,16.52084987,18.34250855,16.52084987,18.34250855
it637,14.51622566,15.515646,14.62663681,16.64240412,20.45307142,15.515646,19.24153436
it638,9.850837134,12.60949484,12.94962804,13.814347,18.49681448,12.60949484,12.94962804
it639,14.90514348,16.37313999,15.44184249,16.37313999,22.01160658,16.37313999,19.53343022
it640,16.30753724,17.8266638,18.14383113,17.8266638,23.06226908,17.8266638,18.14383113
it641,13.4333339,16.33373716,14.01076238,16.33373716,19.07471222,16.33373716,19.07471222
it642,10.82042875,12.57478666,11.79331151,14.07605484,16.51602534,13.07578786,14.12939824
it643,13.63113374,15.33798588,16.42329925,16.39367993,20.19356266,15.33798588,18.66919583
it644,13.46039067,14.55472803,16.03719798,14.55472803,19.04040243,14.55472803,16.03719798
it645,18.37707463,19.32525254,19.69953831,19.32525254,22.88776779,19.32525254,19.89003819
it646,17.80077282,18.09029644,19.02119902,18.09029644,22.75143381,18.09029644,20.15806277
it647,20.39089844,21.07326005,22.07110132,22.41204848,25.98628552,22.41204848,24.32654988
it648,18.07136081,19.40482128,21.74079891,19.40482128,21.74079891,19.40482128,21.74079891
it649,15.23220936,16.0362128,16.16379359,16.0362128,21.73351455,16.0362128,16.54832493
it650,16.5737545,19.35831092,18.65993727,19.35831092,24.02395714,19.35831092,21.62709866
it651,16.97988918,17.73818961,17.20568193,19.81267077,23.05266497,19.81267077,21.34084255
it652,18.91218373,19.89228554,20.80736891,19.89228554,22.66971969,19.89228554,20.80736891
it653,17.41781281,19.94785374,18.08642961,19.94785374,23.15038136,19.94785374,20.80756832
it654,16.81855197,18.0667093,18.12807658,19.40427494,23.87933619,19.40427494,21.37983022
it655,18.85407602,19.68864804,22.02817581,20.74811202,25.69732082,19.68864804,24.23676101
it656,15.50117477,15.58064853,15.85755135,17.97735671,21.62276066,16.92142581,17.19832862
it657,13.90164226,17.00834547,18.24924642,17.00834547,19.43947666,17.00834547,18.24924642
it658,16.71432106,17.81052265,18.11433676,18.84251282,23.27109725,17.81052265,19.60909913
it659,20.59692309,21.52309706,21.41140889,21.52309706,24.22985885,21.52309706,21.41140889
it660,20.86856936,21.82490716,23.04160636,21.82490716,25.67093173,21.82490716,23.22767387
it661,15.78015457,16.84506402,16.81358651,18.06938765,22.51245628,18.06938765,19.49721132
it662,16.3517109,19.14450821,19.77384048,19.14450821,21.14743532,19.14450821,19.77384048
it663,17.57854201,18.73637484,19.39632936,18.73637484,21.63810379,18.73637484,21.63810379
it664,16.00009207,17.45199055,16.60088721,17.45199055,22.05103998,17.45199055,17.9023196
it665,12.81074255,15.41256244,14.34063517,15.41256244,20.55257115,15.41256244,19.21110337
it666,17.1721354,18.50402165,18.17741665,18.50402165,21.90316606,18.50402165,19.6287718
it667,16.02117303,17.50806418,16.73377726,17.50806418,21.28827184,17.50806418,17.60852193
it668,15.88435289,17.15082837,17.53070159,17.15082837,19.31119991,17.15082837,19.31119991
it669,20.60210143,22.83279262,24.64587144,22.83279262,26.01710619,22.83279262,24.64587144
it670,15.8305724,17.56165902,16.74771963,17.56165902,22.99061289,17.56165902,20.39491866
it671,15.67480198,17.74953547,17.04927157,17.74953547,20.39239252,17.74953547,20.39239252
it672,14.60780077,16.0956174,16.59447114,16.0956174,17.81203053,16.0956174,16.59447114
it673,19.59060858,21.02588151,20.37363629,21.02588151,26.17468721,21.02588151,22.25675515
it674,19.09833772,21.73984255,22.90574966,21.73984255,24.16972958,21.73984255,22.90574966
it675,13.99281663,16.925349,16.63985266,16.925349,19.98952496,16.925349,19.98952496
it676,12.58881576,13.68090545,14.78014075,13.68090545,17.93733721,13.68090545,14.78014075
it677,16.42726455,18.51191127,18.94049771,18.51191127,22.69403278,18.51191127,20.2289994
it678,15.14807351,16.63188914,15.20418643,19.04254381,22.22726397,17.41294568,20.5580989
it679,12.71646536,13.16410902,14.5667884,14.28451643,14.5667884,13.16410902,14.5667884
it680,18.3855485,19.68493712,21.14425948,19.68493712,21.14425948,19.68493712,21.14425948
it681,12.22511539,13.50203289,14.13415505,13.50203289,16.7577432,13.50203289,14.13415505
it682,18.79970173,20.55571019,19.86890617,20.55571019,24.85024534,20.55571019,21.65490012
it683,15.03720723,16.60796048,18.63954984,16.60796048,18.63954984,16.60796048,18.63954984
it684,13.19430788,14.11042863,16.31565005,14.11042863,17.40221047,14.11042863,16.31565005
it685,12.33196161,13.48367597,13.53556543,15.78411186,19.82724604,15.78411186,17.33496052
it686,17.37153164,18.95957276,17.65290775,18.95957276,22.93786563,18.95957276,20.00145562
it687,16.11668316,16.18757496,16.50574146,21.13686425,24.62769308,18.50748244,20.62402164
it688,16.64007511,16.84123452,18.18896259,16.84123452,21.04218028,16.84123452,18.18896259
it689,14.27161567,15.64767822,16.92729299,15.64767822,18.20318927,15.64767822,16.92729299
it690,14.42918665,16.76884028,15.96673965,16.76884028,19.60223373,16.76884028,16.18738242
it691,11.85963959,14.33668771,14.61940709,14.33668771,16.25503081,14.33668771,14.61940709
it692,18.61539164,18.67652218,18.67652218,19.89460351,22.07772922,18.67652218,20.82251506
it693,17.81938515,18.61329082,19.89134258,19.89134258,21.32223747,19.89134258,19.89134258
it694,18.26164433,18.9422637,20.9252795,19.97160956,20.9252795,18.9422637,20.9252795
it695,16.46839174,19.30814015,19.16382607,19.30814015,23.22868181,19.30814015,23.22868181
it696,18.2494889,18.59228128,18.87062217,18.59228128,20.14439556,18.59228128,18.87062217
it697,18.91024832,23.27794039,21.6419182,23.27794039,27.68875286,23.27794039,24.53366794
it698,17.19325657,18.71181989,19.51205741,18.71181989,22.07366306,18.71181989,19.69169402
it699,18.07287562,19.73147234,19.2855112,19.73147234,26.17304905,19.73147234,18.54730523
it700,21.57988717,22.52221001,22.65041063,22.52221001,24.8969137,22.52221001,24.8969137
it701,15.04703803,15.82195783,17.40826772,15.82195783,18.68681022,15.82195783,17.40826772
it702,18.55317495,18.84862205,20.7305306,20.1756297,20.7305306,18.84862205,20.7305306
it703,15.64313492,16.65314811,17.64653344,16.65314811,18.84760476,16.65314811,17.64653344
it704,16.9238794,19.10882017,19.23779533,19.10882017,24.3892904,19.10882017,19.79414649
it705,12.79070893,14.08863243,13.45848977,16.19836712,20.01471091,16.19836712,18.58043502
it706,18.44854265,20.99996642,22.57079325,20.99996642,25.06744068,20.99996642,22.57079325
it707,15.41826142,17.31135912,16.23476245,17.31135912,22.91372202,17.31135912,20.03959439
it708,16.83322009,17.74517904,18.38219712,17.74517904,19.580626,17.74517904,18.38219712
it709,21.00849816,23.34249933,24.52869914,23.34249933,24.52869914,23.34249933,24.52869914
it710,13.47013838,15.25966103,14.07788605,15.25966103,19.86034479,15.25966103,15.774064
it711,14.81263055,15.00716305,15.97349926,15.00716305,17.21336122,15.00716305,15.97349926
it712,15.14920445,15.92113527,17.2330482,17.02144747,18.42554889,15.92113527,17.2330482
it713,14.83295433,18.33003114,16.31741425,18.33003114,21.02945804,18.33003114,18.66057392
it714,17.6821738,20.71826522,17.85340185,20.71826522,22.54362739,20.71826522,22.54362739
it715,15.53745579,16.65027063,17.82699964,16.65027063,21.58908488,16.65027063,16.98880388
it716,17.23738931,17.96494217,21.05041822,17.96494217,21.05041822,17.96494217,21.05041822
it717,18.82609027,19.42951067,21.46704381,19.42951067,22.680571,19.42951067,21.46704381
it718,16.25882353,16.8628066,17.38416345,19.29604584,21.90480136,17.10096154,18.13899305
it719,18.02416938,18.35748898,18.78296099,18.35748898,21.16868561,18.35748898,18.78296099
it720,13.87128703,15.579022,16.66440957,15.579022,19.14884086,15.579022,19.14884086
it721,16.15854004,18.83170806,19.95940853,18.83170806,21.72751399,18.83170806,19.95940853
it722,15.10516927,15.61122857,16.47314039,15.61122857,18.78383104,15.61122857,16.47314039
it723,14.81269973,16.79927166,18.25642831,16.79927166,19.6225647,16.79927166,17.42678147
it724,16.82928766,17.76618941,19.01973357,18.80618405,22.13830388,17.76618941,19.01973357
it725,17.92040789,18.51642115,19.84338699,21.23959469,25.69797754,18.51642115,19.93444285
it726,16.64438591,18.04842195,16.84770031,19.1665779,22.7427398,19.1665779,19.74319256
it727,16.22222279,16.8882175,17.16870326,16.8882175,20.7568593,16.8882175,17.86478309
it728,17.94786568,18.48778616,19.71691958,18.48778616,24.07143913,18.48778616,20.048387
it729,16.13367111,18.82459591,19.73595778,18.82459591,21.85858672,18.82459591,21.85858672
it730,16.31804505,18.16138228,18.61002774,18.16138228,21.63213664,18.16138228,18.93963219
it731,16.45192411,18.02888271,19.27960076,18.02888271,20.80807864,18.02888271,19.27960076
it732,20.24167005,20.84903137,20.81830792,20.84903137,23.8256181,20.84903137,22.09524637
it733,14.51875141,16.53720098,18.78108132,16.53720098,19.49086983,16.53720098,17.04495405
it734,17.68260386,19.39057746,20.31647241,19.39057746,22.26275326,19.39057746,20.90081692
it735,17.41869864,19.10695895,21.21360964,20.23366351,21.21360964,20.23366351,21.32568745
it736,16.55183948,17.96419583,17.60070763,17.96419583,20.45331993,17.96419583,19.27353376
it737,16.01624452,18.41064382,19.90911079,18.41064382,22.08090566,18.41064382,22.08090566
it738,16.87310289,18.31661563,17.54450101,18.31661563,21.31330184,18.31661563,19.24662305
it739,18.14282259,19.14981947,20.8892589,19.14981947,22.12315345,19.14981947,20.03273129
it740,14.54186617,16.33949575,15.38264851,17.57953681,20.68343188,16.45538268,18.06108207
it741,12.36767276,14.32501306,12.39522508,14.32501306,18.60020404,14.32501306,12.97713307
it742,14.64354431,17.02869906,15.65171427,17.02869906,20.88018544,17.02869906,18.96681744
it743,19.32038117,21.06630743,19.49536365,21.06630743,26.52456536,21.06630743,24.64234891
it744,18.55240947,20.0179287,18.72238439,20.0179287,24.55419947,20.0179287,19.50791354
it745,18.39679813,20.13270716,21.49913133,20.13270716,23.38109178,20.13270716,21.49913133
it746,16.08874013,16.87232743,18.2860161,16.87232743,19.9996685,16.87232743,18.2860161
it747,21.0734903,21.71456423,24.45668703,22.76147509,26.00085217,21.71456423,24.45668703
it748,13.11391439,15.6345141,14.62340223,15.6345141,20.6720722,15.6345141,17.612144
it749,15.57416689,16.45722954,17.73700512,16.45722954,20.31354087,16.45722954,19.00792181
it750,14.47840779,16.56467964,14.65778178,16.56467964,20.62433408,16.56467964,17.34038662
it751,18.0381555,19.17623163,19.31443569,19.17623163,26.30738661,19.17623163,23.29817428
it752,13.21786698,15.40632062,14.86380775,15.40632062,18.43046469,15.40632062,17.20715618
it753,15.63783165,16.25851792,18.49530746,18.33114358,20.09813789,18.33114358,18.49530746
it754,19.2523588,21.18384594,19.66730803,22.19265068,25.05479032,22.19265068,23.73210086
it755,16.84749315,17.21024468,18.58976885,17.21024468,21.65822052,17.21024468,18.58976885
it756,13.50833065,15.57892656,15.8833925,15.57892656,21.01305664,15.57892656,15.85009423
it757,17.32445125,18.53019841,20.38627255,18.53019841,21.52786193,18.53019841,20.38627255
it758,17.35058917,18.58516316,19.60981804,20.81736125,24.54186635,18.58516316,19.60981804
it759,17.53230088,18.3167029,19.73008518,18.3167029,19.73008518,18.3167029,19.73008518
it760,13.97192473,16.87144017,16.01603645,18.04734106,22.25258332,18.04734106,19.09166342
it761,17.34563185,18.4579202,18.37699416,18.4579202,22.24534728,18.4579202,20.6932685
it762,18.89279146,20.01370373,19.050998,20.01370373,24.12000083,20.01370373,22.16589527
it763,17.43481373,18.00179234,20.36109073,18.00179234,20.36109073,18.00179234,20.36109073
it764,13.58950811,13.74527869,14.34567541,16.86998202,20.52164817,16.86998202,18.06141039
it765,15.74935797,17.71553835,18.12052292,17.71553835,19.80639356,17.71553835,18.12052292
it766,17.09653084,18.98934659,17.76945644,18.98934659,19.19248347,18.98934659,17.85305399
it767,9.791801956,10.66852772,9.791801956,10.66852772,14.87313386,10.66852772,10.75457589
it768,12.8470527,14.86829086,13.12793548,14.86829086,19.62842325,14.86829086,16.66328047
it769,17.70364228,18.53490661,19.42844224,18.53490661,21.66081793,18.53490661,20.56595802
it770,17.27576773,19.79548918,20.60199432,19.79548918,22.50185389,19.79548918,20.60199432
it771,16.06082471,16.38607138,16.38607138,17.9567341,21.89389839,17.9567341,17.08100055
it772,18.21648258,19.08683725,19.98093086,19.08683725,22.63385447,19.08683725,21.11235827
it773,15.64456349,17.37366473,18.05760312,18.56768364,23.03097792,17.37366473,18.38281467
it774,15.61985532,17.31662058,19.49938557,17.31662058,19.49938557,17.31662058,19.49938557
it775,19.30347892,20.60475942,19.44809563,20.60475942,24.56359316,20.60475942,21.62126441
it776,21.78967874,23.11361516,22.1791131,23.11361516,28.89679761,23.11361516,22.1791131
it777,17.53376285,19.60845101,17.53376285,19.60845101,24.56469379,19.60845101,19.61144825
it778,20.62928118,21.02093812,21.43887007,21.02093812,24.40934567,21.02093812,21.43887007
it779,17.415378,19.55857705,20.24525527,19.55857705,21.77855473,19.55857705,20.24525527
it780,13.91576033,15.73399149,18.09884458,15.73399149,18.09884458,15.73399149,18.09884458
it781,19.15959842,20.81113901,23.11195506,20.81113901,23.11195506,20.81113901,23.11195506
it782,15.07709985,17.79122056,18.55792131,17.79122056,18.55792131,17.79122056,18.55792131
it783,12.87607753,13.2497211,13.73836767,17.12007692,19.85602442,17.12007692,19.85602442
it784,16.49015205,17.94034866,19.50124149,17.94034866,22.2646801,17.94034866,20.69312608
it785,16.36227392,17.14494765,17.14494765,18.72990608,23.27064465,17.14494765,20.78165719
it786,14.23862211,16.0722957,14.76442588,16.0722957,19.69357525,16.0722957,18.12762671
it787,16.5489322,18.27028796,17.91788998,18.27028796,21.71268001,18.27028796,20.14940045
it788,16.76634709,17.39965141,20.62750601,18.52594777,22.49146655,17.39965141,20.62750601
it789,15.14107532,17.07595142,16.17823852,19.15018812,21.2522045,17.53962784,17.85324949
it790,15.45630047,17.59284505,17.9963733,17.59284505,19.55581726,17.59284505,18.20242646
it791,14.97344792,16.5649409,15.87018548,16.5649409,20.92500873,16.5649409,17.44482228
it792,17.35264721,17.35264721,18.74166557,17.35264721,22.59717439,17.35264721,17.74533978
it793,13.81764884,15.39552237,16.59965474,15.39552237,19.78384513,15.39552237,16.59965474
it794,18.20949771,19.4031124,20.50141979,19.4031124,22.47502016,19.4031124,21.07277163
it795,17.32471707,18.41078023,18.41108328,18.41078023,23.43031599,18.41078023,20.47482682
it796,15.96699973,16.49551978,16.46629254,16.49551978,20.33309566,16.49551978,16.96670827
it797,13.04046735,14.04722926,14.55209141,16.6491284,18.47530698,15.49993786,15.78701694
it798,17.77911397,19.4188633,19.36307222,19.4188633,24.10339809,19.4188633,19.55375082
it799,14.68675303,17.16806607,14.68675303,17.16806607,22.86223741,17.16806607,18.65091726
it800,22.02153261,22.81422391,22.49067054,22.81422391,27.31519486,22.81422391,24.95085988
it801,18.68980697,20.48192326,19.7521183,20.48192326,22.26389024,20.48192326,22.26389024
it802,17.42241576,17.42241576,19.35859398,17.42241576,21.41954128,17.42241576,18.45921261
it803,17.31606286,19.00499586,18.02570946,19.00499586,22.96099808,19.00499586,20.69817496
it804,16.32665704,18.83041097,18.42486825,18.83041097,22.43530264,18.83041097,22.43530264
it805,16.7590248,16.9951656,19.86378443,16.9951656,19.86378443,16.9951656,19.86378443
it806,16.3175587,17.50032517,19.55339668,17.50032517,20.71170063,17.50032517,19.59974103
it807,20.22189412,20.52654841,20.31876593,21.86748498,26.47552595,20.75584619,22.38581381
it808,14.79342614,16.56737803,15.67077472,16.56737803,21.19971371,16.56737803,19.49996315
it809,15.5361099,17.0615807,15.63554647,17.0615807,20.92295958,17.0615807,18.71292094
it810,15.45370698,17.80006531,17.91795893,17.80006531,22.8123571,17.80006531,19.8007084
it811,12.14879484,13.92766897,14.12825729,18.13744167,23.51698034,15.39337396,18.59244823
it812,21.3931524,22.68156137,24.37869445,22.68156137,24.37869445,22.68156137,24.37869445
it813,20.74688608,21.80607777,22.60046779,21.80607777,22.60046779,21.80607777,22.60046779
it814,12.29308176,14.793412,14.16094161,14.793412,20.00051787,14.793412,15.53764841
it815,14.79017806,15.26076978,15.43444946,15.26076978,17.97632515,15.26076978,15.43444946
it816,17.91840493,18.94034594,20.88999129,20.24660131,24.60043942,20.24660131,21.85407505
it817,16.6732588,18.61444554,18.9430891,18.61444554,22.50175229,18.61444554,18.9430891
it818,14.15918994,16.31623688,16.45827105,16.31623688,18.08620212,16.31623688,16.45827105
it819,16.54562291,20.62309357,17.68995989,20.62309357,23.23314615,20.62309357,20.86938597
it820,18.31540515,20.00183603,18.9820241,20.00183603,22.11836502,20.00183603,22.11836502
it821,16.1747492,18.57304845,17.15024583,18.57304845,23.65076275,18.57304845,19.07236477
it822,14.13857956,16.27788043,14.95323441,17.59711635,20.56122413,16.27788043,16.91623464
it823,21.50263542,23.03349233,21.6490818,24.06849225,28.03520809,23.03349233,28.03520809
it824,16.4941326,18.54605693,18.52499611,18.54605693,23.60823005,18.54605693,18.90793497
it825,17.93657393,20.48826555,21.96226125,21.8103442,24.70221151,20.48826555,22.42542123
it826,19.02386826,20.19998508,21.26714311,20.19998508,24.31149379,20.19998508,23.04954443
it827,17.32481153,18.92397923,18.15609154,18.92397923,24.413655,18.92397923,22.59475737
it828,12.7878019,14.56822919,14.06777703,14.56822919,19.42105546,14.56822919,14.06777703
it829,16.90999388,19.7215473,17.59985978,19.7215473,22.91555841,19.7215473,20.61347963
it830,15.90522962,17.6749903,17.77513629,17.6749903,20.44352121,17.6749903,17.77513629
it831,16.81641872,18.05855871,17.71215949,18.05855871,24.12137827,19.3860188,21.19013111
it832,15.38197591,16.46954731,16.86813039,16.46954731,20.4251102,16.46954731,19.03371516
it833,16.36519569,18.64583685,16.66355253,20.00452467,21.13600369,18.64583685,21.13600369
it834,17.56113192,19.03875797,19.34424576,19.03875797,21.49103756,19.03875797,20.42695068
it835,13.59794456,15.18691093,15.42998148,15.18691093,22.24754605,15.18691093,15.73669062
it836,19.00444452,20.72260344,20.15230775,20.72260344,24.75205743,20.72260344,23.56350338
it837,16.57226887,18.40922699,20.03116453,18.40922699,20.03116453,18.40922699,20.03116453
it838,18.04401949,18.7909771,22.54773297,18.7909771,22.54773297,18.7909771,22.54773297
it839,13.89871263,15.12542464,15.62491157,16.2793346,19.78846848,15.12542464,15.62491157
it840,17.62712195,18.62989859,20.27032204,18.62989859,22.32836832,18.62989859,20.11864668
it841,15.58882993,18.18827396,16.91784931,18.18827396,21.74144369,18.18827396,17.40757337
it842,14.49948971,16.19313062,15.14525397,17.45500156,19.89469766,16.19313062,19.89469766
it843,15.39271896,16.84633395,17.34726275,16.84633395,21.95216223,16.84633395,17.79520595
it844,16.8440867,18.66586724,17.69951194,18.66586724,23.00349776,18.66586724,21.96672892
it845,19.10560164,20.46204442,23.50322912,22.80536606,23.50322912,21.78377141,23.50322912
it846,30.32820031,30.87034288,31.88780157,30.87034288,33.00034606,30.87034288,31.99687872
it847,18.25542575,20.24648184,20.8075415,20.24648184,22.04656214,20.24648184,20.8075415
it848,12.97779467,14.81939914,15.14015905,14.81939914,17.29901846,14.81939914,15.14015905
it849,18.57284996,20.95022911,21.2480092,20.95022911,22.29771677,20.95022911,21.2480092
it850,16.24438432,17.23911344,17.51864186,17.23911344,22.25226629,17.23911344,19.8449204
it851,15.2545648,17.24720574,15.77462421,17.24720574,21.31497328,17.24720574,18.4454068
it852,17.49066663,19.58469368,21.32417652,19.58469368,22.75763426,19.58469368,21.32417652
it853,16.83492064,17.7161041,18.6775257,20.17507104,23.14731305,18.93148508,20.55160295
it854,15.45946607,17.20538542,15.81071848,17.20538542,20.13976289,17.20538542,18.88943505
it855,18.95912553,19.82472438,21.28944516,21.89156146,24.72752794,20.73771408,20.99156502
it856,16.01083428,16.64573911,16.64573911,16.64573911,19.80272707,16.64573911,16.68562913
it857,14.99478437,15.60771165,15.43810317,17.3634515,20.39448797,17.3634515,20.39448797
it858,15.52854009,17.13635676,19.05992093,17.13635676,20.08691631,17.13635676,20.08691631
it859,19.70711732,21.31283261,19.70711732,22.43452569,25.45074781,21.31283261,24.28476454
it860,17.9650608,19.29347431,19.91590894,19.29347431,22.88927953,19.29347431,19.91590894
it861,12.09135733,15.41777723,14.87472663,15.41777723,19.92843734,15.41777723,17.64223657
it862,14.03962823,14.7587344,15.62015025,14.7587344,17.92819113,14.7587344,16.89519222
it863,15.95982771,16.83596108,18.84160676,16.83596108,20.75448746,16.83596108,18.84160676
it864,14.99204294,16.45784661,17.68250202,16.45784661,18.9896931,16.45784661,17.68250202
it865,18.86284832,20.39228174,22.08741146,20.39228174,23.24652297,20.39228174,22.17915981
it866,23.15113023,23.55712421,25.57476858,23.55712421,25.57476858,23.55712421,25.57476858
it867,16.5001414,17.16896174,17.74720328,19.69889243,22.08239093,18.64446879,22.08239093
it868,18.59160058,19.11932201,19.72332633,19.11932201,22.93680833,19.11932201,20.63517955
it869,18.86445134,19.09008939,20.4054594,20.23968605,22.5758632,19.09008939,22.5758632
it870,15.18219138,16.55766391,16.83877595,17.61152579,17.95390911,16.55766391,17.89263783
it871,13.77447049,16.22407573,15.45062655,16.22407573,19.67447236,16.22407573,18.65395664
it872,18.52948198,18.64411633,18.95468257,19.72168809,23.42581848,19.72168809,20.5248021
it873,18.29847922,20.00981643,19.0623578,20.00981643,23.37391289,20.00981643,21.08488654
it874,16.46898305,18.14316705,19.52643392,18.14316705,20.97537165,18.14316705,19.90097062
it875,17.99081161,19.98273105,19.51696859,19.98273105,24.41036166,19.98273105,23.20701661
it876,15.5700517,16.51593554,16.28845755,17.51619181,20.61037106,16.51593554,17.78274827
it877,13.6381692,15.03366409,14.20230354,16.40259968,19.74676367,15.03366409,17.25329973
it878,21.90247467,24.42228302,24.43679253,24.42228302,27.31946297,24.42228302,25.74089303
it879,20.7750952,21.72700071,22.54408892,21.72700071,26.7295801,21.72700071,24.21751452
it880,14.50857581,16.67371297,16.27678139,16.67371297,21.18118743,16.67371297,19.54757829
it881,15.61564625,17.65573379,18.33747323,17.65573379,20.76592518,17.65573379,19.47039785
it882,20.78034703,21.22164588,22.95367912,21.22164588,24.71911745,21.22164588,22.95367912
it883,17.39860661,19.21566309,20.75668085,19.21566309,21.93228284,19.21566309,20.75668085
it884,18.77501293,20.0191445,21.04979201,20.0191445,23.76139461,20.0191445,21.04979201
it885,17.28144536,17.5343848,19.17271415,19.79102388,24.06040371,18.62858915,21.0233122
it886,19.34951293,21.44235747,20.48487516,21.44235747,24.66963178,21.44235747,23.35527429
it887,17.89976023,18.89396482,22.41144145,19.92418936,23.90113218,18.89396482,22.41144145
it888,20.3286513,22.00408985,20.78423581,22.00408985,26.16745878,22.00408985,21.33487817
it889,12.91195668,15.18279763,13.39382463,15.18279763,19.31158155,15.18279763,15.03796494
it890,17.91847868,18.48010861,20.0862215,18.48010861,23.12378893,18.48010861,20.66106539
it891,16.78178646,17.20140938,18.50726502,17.20140938,21.36844364,17.20140938,17.52513034
it892,18.71131895,19.15286824,18.71131895,21.24211765,22.86497228,21.24211765,22.86497228
it893,18.06750332,18.78734492,19.11158139,20.19746301,21.2188599,18.78734492,19.11158139
it894,14.21693084,15.57357974,16.24944556,15.57357974,18.03129493,15.57357974,16.2869432
it895,14.76039201,16.15292919,17.27115381,16.15292919,18.43491298,16.15292919,17.27115381
it896,14.25510098,14.75654867,15.18406353,14.75654867,18.03163317,14.75654867,15.28874624
it897,17.13696284,17.98549204,17.50772507,17.98549204,22.82901842,17.98549204,19.9008137
it898,16.58040022,17.82264234,17.82151225,17.82264234,22.81776695,17.82264234,19.63173184
it899,18.61972003,19.24238426,20.36795312,19.24238426,22.99454477,19.24238426,20.36795312
it900,17.6764281,18.87653509,20.11361813,18.87653509,21.97737639,18.87653509,20.11361813
it901,16.84143367,19.77023688,19.64653622,21.93817787,26.50208216,19.56557739,24.60832
it902,20.33485723,21.02491889,22.17219319,22.29180514,25.41547817,21.02491889,22.86225486
it903,17.4504291,21.32030061,18.65673701,21.32030061,24.19743981,21.32030061,22.36675015
it904,16.76420046,19.38253381,18.15772971,19.38253381,24.06417099,19.38253381,19.45855859
it905,12.49435077,14.94767306,16.72335434,14.94767306,18.70290019,14.94767306,17.62040841
it906,16.51804049,18.12315505,18.54560387,18.12315505,20.95050184,18.12315505,18.54560387
it907,17.67773119,19.49773735,17.67773119,19.49773735,21.84346064,19.49773735,20.71815576
it908,22.57199546,25.15256899,25.11963005,25.15256899,27.41646551,25.15256899,25.13034083
it909,14.42572095,15.91020785,14.85719962,15.91020785,19.4088982,15.91020785,16.4393201
it910,12.34925477,12.77202705,14.08968225,17.45563782,19.56531599,16.09448113,17.7668601
it911,16.81704358,18.67243731,19.42139201,18.67243731,22.94807493,18.67243731,20.49255839
it912,12.77764725,14.43321789,14.82584827,14.43321789,19.72430448,14.43321789,15.10255481
it913,14.66265006,16.29137784,16.4347317,16.29137784,20.03018373,16.29137784,17.59279377
it914,14.48477066,16.50249172,15.00051288,16.50249172,21.12105217,16.50249172,17.73663883
it915,16.61208794,17.81854674,18.44963189,17.81854674,20.31881009,17.81854674,19.01284121
it916,13.99228469,16.03471868,14.48058853,16.03471868,17.85331753,16.03471868,16.64066528
it917,18.73010812,20.1141537,21.76171822,20.1141537,21.76171822,20.1141537,21.76171822
it918,20.08723309,21.63761686,21.27327906,21.63761686,25.41524917,21.63761686,22.13180639
it919,18.05391259,18.20474432,18.39026941,18.20474432,23.61723875,18.20474432,19.52661704
it920,16.48565651,18.69475619,21.21187719,20.24255154,21.21187719,18.69475619,21.21187719
it921,17.6307603,17.6307603,19.61318442,17.6307603,21.09894631,17.6307603,19.61318442
it922,15.22106832,17.75752532,15.22106832,17.75752532,22.30500556,17.75752532,19.7853547
it923,14.41799827,15.3642271,16.23701445,15.3642271,18.17263081,15.3642271,16.98305944
it924,17.86739935,18.67256239,19.27507192,18.67256239,22.97161517,18.67256239,20.35390437
it925,17.35102062,19.06257725,20.55846108,19.06257725,20.55846108,19.06257725,20.55846108
it926,17.5593529,19.19141731,21.23365609,19.19141731,22.68458246,19.19141731,21.23365609
it927,13.92676766,16.12199197,14.08906116,16.12199197,21.02939206,16.12199197,18.28446466
it928,19.64655031,20.8976672,23.37267407,20.8976672,23.37267407,20.8976672,23.37267407
it929,18.60811152,21.15808522,18.96485393,21.15808522,23.8614987,21.15808522,22.33719971
it930,17.59857431,18.3817319,18.93167156,18.3817319,21.53975912,18.3817319,18.93167156
it931,18.85018333,20.56670532,19.70775959,20.56670532,24.99270059,20.56670532,22.22273243
it932,15.57932299,17.0767073,17.19823408,17.0767073,20.0102491,17.0767073,20.0102491
it933,16.969479,18.65412214,17.796515,18.65412214,23.52022771,18.65412214,19.73248216
it934,11.86314991,12.69769747,12.58835771,16.15898858,21.79281114,13.81620444,18.72893086
it935,17.80307397,18.30777923,18.65874378,20.95205916,22.7660779,19.88626185,22.7660779
it936,14.73349618,17.00124293,15.39316878,18.13795984,22.3522004,18.13795984,18.10211
it937,13.53826965,15.33576431,17.52877832,15.33576431,18.61414206,15.33576431,17.52877832
it938,20.59937015,21.72830787,21.84707268,21.72830787,24.0026652,21.72830787,21.84707268
it939,15.74131144,17.90008445,17.20908867,17.90008445,20.71646646,17.90008445,18.38562791
it940,16.69672884,18.07789436,18.64135667,18.07789436,22.47949961,18.07789436,19.9502484
it941,21.77845176,23.0290454,24.55291499,23.0290454,25.95689984,23.0290454,25.95689984
it942,18.16034081,19.2829012,18.31645839,19.2829012,23.25463963,19.2829012,19.73531638
it943,15.01344912,15.04783546,15.04783546,19.62312799,21.41768522,18.47983714,20.12301056
it944,14.30981917,16.97440886,18.83864559,16.97440886,18.83864559,16.97440886,18.83864559
it945,16.95446664,17.22172277,18.08744941,17.22172277,20.44557935,17.22172277,17.52022709
it946,18.45588204,20.22336253,19.17081832,20.22336253,24.85770697,20.22336253,22.02867233
it947,16.68831641,18.20860035,18.82850244,18.20860035,19.86640348,18.20860035,18.82850244
it948,16.40316113,17.62495143,19.26870073,17.62495143,19.26870073,17.62495143,19.26870073
it949,14.45232964,16.28139576,16.86243414,16.28139576,19.89734819,16.28139576,17.33293752
it950,18.08428743,20.21658118,21.87594651,20.21658118,23.52371333,20.21658118,21.87594651
it951,17.72744916,19.91560299,19.15463601,19.91560299,25.13277892,19.91560299,21.59186508
it952,16.73232809,17.94426903,20.23744725,17.94426903,20.23744725,17.94426903,20.23744725
it953,15.43824309,16.84235111,17.29279611,16.84235111,19.96379293,16.84235111,17.7025796
it954,11.21297385,13.70775337,12.96796062,13.70775337,18.79324881,13.70775337,14.01416898
it955,13.5062438,14.53495115,14.21407987,14.53495115,20.40635004,14.53495115,16.62298728
it956,16.35904661,18.19551844,16.95172834,19.51667788,21.47329402,18.19551844,20.21250363
it957,16.44080107,17.46618472,18.68109754,18.74100093,21.02448818,18.74100093,18.68109754
it958,18.28848045,19.0439655,21.84386652,20.34100743,22.98450881,19.0439655,21.84386652
it959,13.3586705,14.70820185,14.76261617,14.70820185,18.5964762,14.70820185,17.55676352
it960,20.15568607,21.30302212,22.0034781,21.30302212,25.50732135,21.30302212,22.0034781
it961,15.6777637,17.60186109,15.97339867,17.60186109,19.64519462,17.60186109,19.64519462
it962,13.25017404,15.02662012,13.25017404,16.21946861,17.83308746,15.02662012,16.07860168
it963,16.33299596,17.83641843,18.82441889,17.83641843,22.04053599,17.83641843,18.82441889
it964,16.92516983,18.38392148,17.91559617,18.38392148,23.24341537,18.38392148,21.62743916
it965,17.75925193,18.90539036,20.25564876,18.90539036,23.46337908,18.90539036,20.91848108
it966,15.83116437,17.35589398,17.53192338,17.35589398,22.32636756,17.35589398,17.53192338
it967,18.4279969,19.34819064,19.12216252,20.53424859,23.41623587,19.34819064,19.34819064
it968,17.03507277,19.60070774,18.50761995,21.0640255,24.4177066,19.77751755,22.06148598
it969,17.41323598,17.77979456,17.92551583,17.77979456,23.75571771,17.77979456,19.17812711
it970,13.88548237,17.38521314,15.23075437,17.38521314,20.54247241,17.38521314,18.84838977
it971,14.21848245,15.31841431,16.81415087,15.31841431,19.41606632,15.31841431,16.81415087
it972,16.21622672,16.830365,18.81418038,16.830365,20.96909883,16.830365,19.32742513
it973,14.95483399,16.97855936,15.42944423,16.97855936,22.24117472,16.97855936,18.31548705
it974,11.38754816,14.1315491,12.03396706,14.1315491,18.46135562,14.1315491,16.79543159
it975,12.38095656,13.06143666,13.84550837,13.06143666,19.05670463,13.06143666,15.11498929
it976,20.19850313,21.89236543,23.52774303,21.89236543,24.97743556,21.89236543,23.6472742
it977,14.32950827,15.32342557,14.36402676,16.68641159,20.91200502,15.32342557,14.36402676
it978,17.77421761,20.0587576,19.19261993,20.0587576,24.38456011,20.0587576,20.95737808
it979,13.6266753,15.28053055,15.1064672,15.28053055,19.09342071,15.28053055,16.97805091
it980,17.77137633,19.88061752,19.61005155,19.88061752,23.61185816,19.88061752,19.97244301
it981,17.98788919,20.3038883,18.75079631,20.3038883,24.24707781,20.3038883,21.35455759
it982,19.58634103,20.54106571,22.07866927,20.54106571,23.84522107,20.54106571,22.07866927
it983,17.50993125,18.52267133,20.58788664,18.52267133,22.09396196,18.52267133,20.58788664
it984,20.55040126,20.99856494,20.60299769,20.99856494,25.61878898,20.99856494,20.81851204
it985,13.70570586,15.03143247,16.38892194,15.03143247,17.91277758,15.03143247,16.38892194
it986,14.70905011,15.82211384,16.61661569,16.89253664,19.6037032,15.82211384,18.45105686
it987,14.26633108,15.34857265,16.42690962,15.34857265,20.41959642,15.34857265,16.47727588
it988,17.98944493,18.68579586,20.34739583,18.68579586,22.63335443,18.68579586,20.34739583
it989,16.42219142,17.27507738,18.38813928,17.27507738,19.49652051,17.27507738,19.54487029
it990,15.45251212,17.62399411,15.58134783,17.62399411,21.24377775,17.62399411,19.40201098
it991,21.05616934,22.40657137,23.14464587,22.40657137,23.14464587,22.40657137,23.14464587
it992,23.67392166,25.42560065,25.46451997,25.42560065,28.83255018,25.42560065,28.83255018
it993,15.14120721,16.45022007,17.37308489,16.45022007,20.26786357,16.45022007,17.37308489
it994,16.9123342,17.8839935,18.22304951,18.90914792,22.98641039,18.90914792,20.85297762
it995,14.94391707,16.91696444,15.27172678,16.91696444,22.1053199,16.91696444,18.62678775
it996,18.2711193,19.27449343,20.78681932,19.27449343,23.39190872,19.27449343,20.83963078
it997,16.46471178,17.95751561,18.47067245,17.95751561,20.59607053,17.95751561,18.47067245
it998,17.24642512,18.17179829,17.8575082,18.17179829,23.63206735,18.17179829,18.46284493
it999,18.78548749,19.7137277,20.93126493,19.7137277,22.50688103,19.7137277,20.93126493
it1000,15.1892926,15.1892926,15.89589078,17.25698148,20.97471007,17.25698148,18.38289349
